post_title,link_type,link_group,link_url,menu_order
World Food Preservation Center,websites,NGOs,http://worldfoodpreservationcenter.com/index.html,1
SecureNutrition,websites,Food Security,https://socialprotection.org/connect/stakeholders/securenutrition,2
Global Food Waste: The Numbers Behind The Problem,websites,Food Security,http://insinkerator.co.uk/uk/page/global-food-waste-stats,3
European Food Safety Authority,websites,Food Security,http://www.efsa.europa.eu/,4
U. S. Department of Agriculture,websites,Food Security,https://www.usda.gov/topics/food-and-nutrition/food-security,5
Feed the Future,websites,Food Security,https://www.feedthefuture.gov/progress,6
Food Safety for Kids: A Guide for Parents,websites,Food Security,http://uk.rs-online.com/web/generalDisplay.html?id=i/food-safety-for-kids,7
National Health Association (NHA),websites,Food & Health,https://www.healthscience.org/,8
Agricultural Information Services,websites,Agricultural Internet Services,http://www.aisglobal.net/,9
Intellicast Weather,websites,Agricultural Internet Services,http://www.intellicast.com/,10
Organic Farming and Produce Links,websites,Agricultural Internet Services,https://www.epa.gov/agriculture/organic-farming,11
"Myers Industries, Inc.",websites,Agricultural Internet Services,http://www.myersindustries.com/Home.aspx,12
Greenhouse Produce Company LLC,websites,Agricultural Internet Services,http://www.greenhouseproduce.net/,13
AgriSeek,websites,Agricultural Internet Services,http://www.agriseek.com/,14
MNP,websites,Agricultural Internet Services,http://www.mnp.ca/en/agriculture,15
Cosmocel,websites,Agricultural Internet Services,https://cosmocel2015.wixsite.com/sitioweb,16
National Biological Impact Program,websites,Biotechnology Extension and Information,https://portal.nifa.usda.gov/web/crisprojectpages/0211706-national-biological-impact-assessment-program-information-systems-for-biotechnology.html,17
Biotechnology Information Center,websites,Biotechnology Extension and Information,http://www.nal.usda.gov/bic/,18
Food & Agricultural Biotechnology (BIO),websites,Biotechnology Extension and Information,https://archive.bio.org/food-agricultural-biotechnology,19
Information Systems for Biotechnology,websites,Biotechnology Extension and Information,https://vtechworks.lib.vt.edu/handle/10919/78421,20
OMICS International,websites,Biotechnology Extension and Information,https://www.omicsonline.org/,21
Controlled atmopshere storage & airtight storage,websites,Technologies,http://jmt-us.com/,22
California Tomato Commission,websites,"Commissions, Boards, Organizations",http://www.tomato.org/,23
National Watermelon Production Board,websites,"Commissions, Boards, Organizations",http://www.watermelon.org/,24
National Mushroom Council,websites,"Commissions, Boards, Organizations",http://www.mushroomcouncil.com/,25
"WholeFoods, Inc.",websites,Consumer Direct Marketing,http://www.wholefoodsmarket.com/,26
FloraSource Ltd,websites,Consumer Direct Marketing,http://www.florasourceltd.com/,27
"Frieda’s, Inc.",websites,Consumer Direct Marketing,http://www.friedas.com/,28
Vegetarian Express,websites,Consumer Direct Marketing,http://www.vegetarianexpress.co.uk/,29
The Green Grocer,websites,Consumer Direct Marketing,http://www.thegreengrocermanila.com/,30
Consumer Information Produce Oasis,websites,Consumer Direct Marketing,https://oasis.ag/Public/About,31
"Cut Flower Wholesale, Inc.",websites,Consumer Direct Marketing,http://www.cutflower.com/,32
PeaPod Direct Produce,websites,Consumer Direct Marketing,http://www.peapod.com/,33
Calavo,websites,Consumer Direct Marketing,http://calavo.com/,34
Food Network,websites,Consumer Direct Marketing,http://www.foodnetwork.com/,35
Consumer Dangers,websites,Consumer Direct Marketing,http://www.consumerdangers.com/,36
Foxy,websites,Consumer Direct Marketing,https://www.foxy.com/,37
All about Fresh New Zealand Grown Vegetables,websites,Consumer Direct Marketing,http://www.vegetables.co.nz/,38
Primus Laboratories,websites,Diagnostic Services & Residue Testing,http://www.primuslabs.com/,39
AgroLab,websites,Diagnostic Services & Residue Testing,https://www.agrolab.com/es/,40
"Catalytic Generators, Inc.",websites,Ethylene and Ripening,http://www.catalyticgenerators.com/,41
Dade Services Corporation,websites,Ethylene and Ripening,http://www.dadeservice.com/,42
"Ethylene Control, Inc.",websites,Ethylene and Ripening,http://www.ethylenecontrol.com/,43
Delmonte Fresh,websites,Food Companies,http://www.freshdelmonte.com/,44
Dole,websites,Food Companies,http://www.dole.com/,45
"Jazan Development Co. (JAZADCO), Saudi Arabia",websites,Food Companies,http://www.jazadco.com.sa/,46
"The National Agricultural Development Company (NADEC), Saudi Arabia",websites,Food Companies,https://nadec.com/en/,47
Institute of Food Science and Engineering,websites,Food Safety,https://catalog.uark.edu/generalinfo/universitycentersandresearchunits/instituteoffoodscienceandengineering/,48
Environmental Working Group-Food Pesticides,websites,Food Safety,http://www.ewg.org/,49
National Food Safety Database,websites,Food Safety,https://worldfoodsafety.org/,50
World Food Safety Organisation,websites,Food Safety,http://www.worldfoodsafety.org/2010/,51
Cerebral palsy and cancer,websites,Health organizations,https://www.cerebralpalsyguide.com/cerebral-palsy/coexisting-conditions/cancer/,52
American Lung Association,websites,Health organizations,http://www.lung.org/about-us/,53
Quit Smoking Community,websites,Health organizations,http://quitsmokingcommunity.org/,54
Dangerous Drugs,websites,Health organizations,http://www.rxdangers.com/drugs,55
Defective Medical Devices,websites,Health organizations,http://www.rxdangers.com/medical-devices,56
Mesothelioma Cancer Alliance,websites,Health organizations,http://www.mesothelioma.com/,57
Mesothelioma + Asbestos Awareness Cente,websites,Health organizations,https://www.maacenter.org/,58
Medical Malpractice Center,websites,Health organizations,https://malpracticecenter.com/,59
Campaign for Tobacco-Free Life,websites,Health organizations,https://tobaccofreelife.org/,60
Drugwatch – Health,websites,Health organizations,http://www.drugwatch.com/health/,61
Drugwatch – Beyond Side Effects,websites,Health organizations,http://www.drugwatch.com/beyond-side-effects/,62
Drug Dangers,websites,Health organizations,http://www.drugdangers.com/,63
United States Department of Agriculture,websites,Government Agencies,http://www.usda.gov/,64
Food and Drug Administration,websites,Government Agencies,https://www.fda.gov/,65
Environmental Protection Agency,websites,Government Agencies,http://www.epa.gov/,66
The National Agricultural Library,websites,Government Agencies,http://www.nal.usda.gov/,67
Agricultural Marketing Service Home Page,websites,Government Agencies,http://www.usda.gov/ams,68
Postharvest Research,websites,"Instrument Design, Fabrication, and Consulting",http://postharvest.ucdavis.edu/,69
"Nitec, Inc.",websites,"Instrument Design, Fabrication, and Consulting",http://www.nitecinc.com/,70
Intermediate Technology Development Group,websites,"Instrument Design, Fabrication, and Consulting",http://web.mit.edu/urbanupgrading/upgrading/resources/organizations/IT.html,71
"Consejo Nacional de Ciencia y Tecnología (CONACyT), México",websites,Governments Organizations,http://www.conacyt.mx/,72
"Sistema Nacional de Investigadores (SNI), México",websites,Governments Organizations,http://www.conacyt.mx/index.php/el-conacyt/sistema-nacional-de-investigadores,73
WORLD FOOD PRESERVATION CENTER LLC,websites,International Organizations,http://worldfoodpreservationcenter.com/,74
The Academy of Sciences for the Developing World (TWAS),websites,International Organizations,http://twas.ictp.it/,75
Crops for the Future,websites,International Organizations,"https://www.nottingham.ac.uk/research/collaborate/projects/cropsfuture.aspx#:~:text=The%20Crops%20for%20the%20Future,University%20of%20Nottingham%20in%20Malaysia.",76
International Union of Food Science and Technology,websites,International Organizations,http://www.iufost.org/,77
GraduateSchools.com,websites,Post-graduate Programs,https://www.gradschools.com/,78
"Becas de CONACyT, México",websites,Post-graduate Programs,http://www.conacyt.mx/index.php/becas-y-posgrados/becas-nacionales,79
"Posgrados de Química, UNAM, México",websites,Post-graduate Programs,http://cienciasquimicas.posgrado.unam.mx/,80
Masters In International Business,websites,Post-graduate Programs,https://landings.ie.edu/masterland-bus-international-mbas-cro?gclid=CjwKCAjwq5-WBhB7EiwAl-HEkqkj7acaOEZZiH6Ue5QNoetdw7hF3VNhTLp5fHYduPwfwF2J5hudvhoCj_EQAvD_BwE&gclsrc=aw.ds,81
Nutrition Science Degree Programs,websites,Post-graduate Programs,http://nutritionsciencedegree.org/,82
"Institute of Food Research, United Kingdom",websites,Research Institutes,http://www.ifr.ac.uk/,83
"National Food Research Institute, Japan",websites,Research Institutes,https://www.naro.go.jp/english/laboratory/nfri/about/index.html,84
"Institut de Recerca i Tecnologia Agroalimentàries (IRTA), España",websites,Research Institutes,http://www.irta.es/,85
"Food Research Institute, University of Wisconsin, USA",websites,Research Institutes,https://fri.wisc.edu/,86
"Instituto Nacional de Investigación y Tecnología Agraria y Alimentaria (INIA), España",websites,Research Institutes,https://www.inia.es/Pages/Home.aspx,87
Food Research Institute Prague,websites,Research Institutes,http://www.vupp.cz/,88
Korean Food Research Institute,websites,Research Institutes,http://www.kfri.re.kr/newekfri/,89
"Central Food Technological Research Institute, India",websites,Research Institutes,http://www.cftri.com/,90
"The International Food Policy Research Institute (IFPRI), Washington DC, USA",websites,Research Institutes,http://www.ifpri.org/,91
"Food Research Institute, Stanford University, USA",websites,Research Institutes,http://www.stanford.edu/group/FRI/fri/index.html,92
"Centro de Investigación en Alimentación y Desarrollo, A.C. (CIAD), México",websites,Research Institutes,http://www.ciad.mx/,93
"Centro de Investigación Científica de Yucatán (CICY), Mérida, México",websites,Research Institutes,http://www.cicy.mx/,94
Global Agricultural Information Network,websites,Marketing information,http://gain.fas.usda.gov/Pages/Default.aspx,95
U.S. Apple & Pear Marketing Board,websites,Marketing information,http://www.fruit-usa.com/,96
Fresh Solutions,websites,Marketing information,http://www.freshsolutionsgroup.com.au/,97
DTN Produce Grower,websites,Marketing information,http://www.dtnprogressivefarmer.com/dtnag/crops;jsessionid=A66B5F4F30BD5B86F66E75B3FAF44DE7.agfreejvm2,98
Information Services For Agriculture,websites,Marketing information,http://www.agriculture.gov.zm/index.php?option=com_content&view=category&layout=blog&id=91&Itemid=1555,99
Produce Marketing Association,websites,Marketing information,http://www.pma.com/,100
Food Marketing Association,websites,Marketing information,http://www.fmi.org/,101
The Packer,websites,Marketing information,http://www.thepacker.com/,102
National Restaurant Association,websites,Marketing information,http://www.restaurant.org/,103
Packaging Intelligence Network,websites,Packaging and Containers,https://find-and-update.company-information.service.gov.uk/company/03067820/charges,104
San Jose State University Packaging Program,websites,Packaging and Containers,http://www.nufs.sjsu.edu/packaging/pkgintro/index.html,105
WeighPack,websites,Packaging and Containers,http://www.weighpack.com/,106
Packaging Strategies,websites,Packaging and Containers,http://www.packstrat.com/,107
FabriForm Inc.,websites,Packaging and Containers,http://www.fabriform.com/,108
"Mobile Forced Air Cooling Services, Inc.",websites,Packaging and Containers,http://www.coolforce.com/,109
Produce Reporter Company/Blue Book Services,websites,Production and Handling,https://www.producebluebook.com/media-kit/,110
Intensive Pear Production,websites,Production and Handling,http://www.hin.com.au/networks/blush-pear-research/intensive-blush-pear-production,111
"North Carolina State University, Horticulture Information Leaflets, Postharvest Handling of Horticultural Crops",websites,Research and Extension Information,http://www.ces.ncsu.edu/hil/,112
Food and Agriculture Organization of the United Nations. Provides world wide systems information on postharvest of grains and perishables. Also a communication platform for postharvest experts,websites,Research and Extension Information,http://www.fao.org/inpho/%22%20http://www.fao.org/inpho/,113
International Association of Refrigerated Warehouses,websites,Research and Extension Information,http://www.iarw.org/,114
Produce Marketing Association,websites,Research and Extension Information,http://www.pma.com/,115
United States Department of Agriculture,websites,Research and Extension Information,http://www.usda.gov/,116
U.C. Davis Postharvest Technology,websites,Research and Extension Information,http://postharvest.ucdavis.edu/,117
U.C. Integrated Pest Management,websites,Research and Extension Information,http://www.ipm.ucdavis.edu/,118
Center for Postharvest and Refrigeration Research,websites,Research and Extension Information,http://www.massey.ac.nz/massey/learning/colleges/college-of-health/institute-food-nutrition-human-health/research_collaborators/centre-for-postharvest-and-refrigeration-research/centre-for-postharvest-and-refrigeration-research_home.cfm,119
USDA-ARS Tree Fruit Research Laboratory,websites,Research and Extension Information,http://www.ars.usda.gov/main/site_main.htm?modecode=53-50-05-00,120
International Food Information Center,websites,Research and Extension Information,http://www.foodinsight.org/,121
U.C. Vegetable Research & Information Center,websites,Research and Extension Information,http://vric.ucdavis.edu/,122
U.C. Fruit & Nut Research and Information Center,websites,Research and Extension Information,http://fruitsandnuts.ucdavis.edu/,123
U.C. Food Science and Technology,websites,Research and Extension Information,http://foodscience.ucdavis.edu/,124
"Department of Environmental Horticulture, UC Davis",websites,Research and Extension Information,https://www.ucdavis.edu/majors/environmental-horticulture-and-urban-forestry,125
Texas A&M Horticulture,websites,Research and Extension Information,http://aggie-horticulture.tamu.edu/,126
North Carolina State University Postharvest Extension Programs,websites,Research and Extension Information,http://www.bae.ncsu.edu/bae/programs/extension/,127
Water Quality Association,websites,Sanitation,http://www.wqa.org/,128
Chlorine Handling,websites,Sanitation,http://c3.org/,129
"Janitorial Cleaning Services (JCS), New York Inc.",websites,Sanitation,http://www.commercialofficecleaning.com/,130
Soil Sanitation,websites,Sanitation,http://www.tractebel-engie.com/infrastructure/environment/site-rehabilitation/soil-sanitation/,131
Mission Produce Co.,websites,"Shippers, Suppliers, Brokers",http://www.missionpro.com/,132
The Nunes Co.,websites,"Shippers, Suppliers, Brokers",http://www.foxy.com/,133
J. Sainsburry,websites,"Shippers, Suppliers, Brokers",http://www.j-sainsbury.co.uk/home/,134
Dole,websites,"Shippers, Suppliers, Brokers",http://www.dole5aday.com/,135
Chiquita Online,websites,"Shippers, Suppliers, Brokers",http://www.chiquita.com/,136
Christopher Ranch Garlic,websites,"Shippers, Suppliers, Brokers",http://www.christopherranch.com/,137
Controlled Temperatures Shipping Products,websites,"Shippers, Suppliers, Brokers",http://www.fedex.com/us/healthcare/temp-control/,138
Monterey Mushrooms Inc.,websites,"Shippers, Suppliers, Brokers",http://www.montmush.com/,139
Nature Ripe Berry Growers,websites,"Shippers, Suppliers, Brokers",http://naturipeberrygrowers.com/,140
Temperature Data Loggers,websites,Temperature Recording,https://www.ptc1.com/?gclid=CjwKCAjwq5-WBhB7EiwAl-HEkvlNFZ0zqoMFDAzxOhWjYvC9sOvmaQ6Hsf4cV8dufkc-PDNyrX9qhBoCr1IQAvD_BwE,141
Sensitech,websites,Temperature Recording,http://www.sensitech.com/,142
American President Lines,websites,Transportation,http://www.apl.com/,143
Armellini Expressline,websites,Transportation,http://www.armellini.com/,144
OOCL Inc.,websites,Transportation,http://www.oocl.com/eng/Pages/default.aspx,145
Maritime Global Net,websites,Transportation,http://www.mgn.com/,146
Roadway Online,websites,Transportation,http://www.roadway.com/,147
Matson Navigation Co.,websites,Transportation,http://www.matson.com/,148
The Transport Web,websites,Transportation,http://www.transportweb.com/,149
Sealink Services,websites,Transportation,http://www.sealinkqld.com.au/,150
Farmington Fresh Air Transport,websites,Transportation,http://postharvest.ucdavis.edu/Postharvest_Yellow_Pages/?midcat=0&maincat=25&usernumber=422,151
Sealand,websites,Transportation,https://www.sealand.com/,152
C.H. Robinson Co.,websites,Transportation,http://www.chrobinson.com/,153
Australia – New Zealand Direct Line,websites,Transportation,http://www.australianexporters.net/companyID631.htm,154
Teaching Degree,websites,Education & works,https://www.teachingdegrees.com/,155
Social Work Degree,websites,Education & works,https://www.socialworkdegrees.org/,156
"Mexican Academy of Sciences (Academia Mexicana de Ciencias, AMC)",websites,Others,https://amc.edu.mx/amc/,157
Postharvest,websites,Others,http://www.postharvest.biz/index.php?lang=2,158
World Foods Logistics Organization,websites,Others,https://www.gcca.org/wflo/vision-mission-history,159
The Food and Agriculture Organization of the United Nations,websites,Others,http://www.fao.org/,160
Universidad Autónoma de Querétaro: The University of the State of Queretaro,websites,Others,http://www.uaq.mx/,161
Information Network on Pos-Harvest Operations,websites,Others,http://www.fao.org/inpho/inpho-home/en/?no_cache=1,162
American Society for Horticultural Science,websites,Others,http://www.ashs.org/,163
Cold Chain Experts,websites,Others,http://www.supplychainconference.com/,164
International Society for Horticultural Science,websites,Others,http://www.ishs.org/,165
Composition of foods,websites,Others,http://www.ars.usda.gov/ba/bhnrc/ndl,166
Gateway to U.S. government information on food safety,websites,Others,http://www.foodsafety.gov/,167
Gateway to U.S. government information on human nutrition and nutritive value of foods,websites,Others,http://www.nutrition.gov/,168
Google scholar,websites,Others,http://scholar.google.com.mx/,169
International Association for Food Protection,websites,Others,http://www.foodprotection.org/,170
Medline/PubMed,websites,Others,https://www.ncbi.nlm.nih.gov/pubmed/,171
"Microbiosymas, Food Safety",websites,Others,http://www.microbiosymas.com/,172
Partnership for Food Safety Education,websites,Others,http://www.fightbac.org/,173
"PLOS, Public Library of Science",websites,Others,https://www.plos.org/,174
Produce for Better Health Foundation’s promotion of produce consumption,websites,Others,https://www.vegetables.bayer.com/us/en-us/about/industry-collaborations/produce-for-better-health-foundation.html,175
"PubMed, A service of the U.S. National Library of Medicine and the National Institutes of Health",websites,Others,http://www.ncbi.nlm.nih.gov/pubmed/,176
Sydney Postharvest Laboratory information,websites,Others,http://www.postharvest.com.au/,177
Fruits & Veggies more matters: health benefits of fruits & vegetables,websites,Others,https://fruitsandveggiesmorematters.com/,178
University of California Postharvest Research and Information Center,websites,Others,http://postharvest.ucdavis.edu/,179
USDA interactive website about application of the 2005 Dietary Guidelines to individual consumers,websites,Others,http://fnic.nal.usda.gov/dietary-guidance/myplate-and-historical-food-pyramid-resources,180
World Health Organization (WHO),websites,Others,http://www.who.int/en/,181
The problem with disposable coffee cup recycling,websites,Others,https://www.cater4you.co.uk/blog/the-problem-with-disposable-coffee-cup-recycling/,182
A Practical Guide to Travelling as a Vegan,websites,Others,https://www.loveholidays.com/holidays/vegan-travel-guide/,183
Master Class UdeA,videos,Master Classes,https://youtu.be/SBvzQljE_5o?si=I5_haDM7aRKhJ7oT,1
Preventing food losses and waste to achieve food security and sustainability – An introduction,videos,Master Classes,https://www.youtube.com/watch?v=FqSwltZCoqM,2
Meal Exhange – An Introduction to Food Security,videos,Clips,https://www.youtube.com/watch?v=PE1-RYPJNdg,3
Food loss and Waste in the Near East and North Africa Region FAO,videos,Clips,https://www.youtube.com/watch?v=Kb45VlGMIxg&t=1s,4
"Fruit and Vegetable Phytochemicals: Chemistry and Human Health (2017). This video presents the second edition of the book Fruit and Vegetable Phytochemicals, which covers over 70 chapters written by experts from around the world on the chemistry, stability, and health benefits of phytochemicals found in fruits and vegetables, providing a comprehensive perspective for students, researchers, physicians, and the general public.",videos,Clips,https://www.youtube.com/watch?v=79m8VcylHu0,5
Food security – A growing dilemma,videos,Documentaries,https://www.youtube.com/watch?v=wu7PjKawjwI,6
Superfoods and the environment – Avocados and blueberries from South America,videos,Documentaries,https://www.youtube.com/watch?v=md5dgkDnZ9k,7
Entrevista al Dr. Elhadi Yahia Kazuz -Seguridad alimentaria-,videos,Interviews,https://youtu.be/THdFLJ8SR3c?si=5IeVrR6bG3b0J_sR,8
"Interview – Agroindustrial Practices. In this interview, the researcher Elhadi Yahia discusses his background. He explains topics such as food production and its negative effects and alternatives.",videos,Interviews,https://www.youtube.com/watch?v=VNq_NVGOcC8,9
December 2009. The Effect of Postharvest Techniques and Treatments on The Nutritional and Phytochemical Contents in Fruits and Vegetables. Part 1,videos,Conferences,http://ucast.upm.edu.my/play.php?vid=227,10
Public lecture. December 2009. The Effect of Postharvest Techniques and Treatments on The Nutritional and Phytochemical Contents in Fruits and Vegetables. Part 2.,videos,Conferences,http://ucast.upm.edu.my/play.php?vid=228,11
"Al-Khayri, J. M., Jain, S. M. y Penna, S. (eds.) (2025). Biodiversity and Genetic Improvement of Herbs and Spices. 1ra ed. Cham: Springer. ISBN 978-3-031-81838-7.",books,2025,https://link.springer.com/book/9783031818370,1
"Kumar, A., Puopolo, G., Villalobos, S.d.l.S., and Solanki, M.K. (eds) (2025) Fruit Microbiome Emerging Aspects in Postharvest Disease Management . 1st edn. Academic Press. ISBN: 9780443339639",books,2025,https://shop.elsevier.com/books/fruit-microbiome/kumar/978-0-443-33963-9,2
"Manganaris, G. (ed.) (2025) Temperate Tree Fruits and Nuts . 1st edn. Elsevier. ISBN: 9780443291371",books,2025,https://shop.elsevier.com/books/temperate-tree-fruits-and-nuts/manganaris/978-0-443-29137-1,3
"Noll, S. (2025). Ethical Omnivores: Better Eating for Everyone (1st ed.). Routledge. ISBN 9781032104041.",books,2025,https://www.routledge.com/Ethical-Omnivores-Better-Eating-for-Everyone/Noll/p/book/9781032104041,4
"Ali, S., Mir, S.A., Dar, B.N. and Ejaz, S. (eds) (2024) Sustainable Postharvest Technologies for Fruits and Vegetables . 1st edn. CRC Press, Boca Raton. ISBN: 9781003370376",books,2024,https://www.taylorfrancis.com/books/edit/10.1201/9781003370376/sustainable-postharvest-technologies-fruits-vegetables-sajid-ali-shabir-ahmad-mir-dar-shaghef-ejaz,5
"Carrillo, D., Schaffer, B., Wolstenholme, B.N. and Whiley, A.W. (2024) The Avocado: Botany, Production and Uses . 3rd edn. CABI. ISBN 978-1-80062-180-0",books,2024,https://www.cabidigitallibrary.org/doi/book/10.1079/9781800621824.0000,6
"Crumlish, M. and Norman, R. (2024) Aquatic Food Security . CABI. CABI. ISBN 978-1-78918-132-6",books,2024,https://www.cabidigitallibrary.org/doi/book/10.1079/9781800629004.0000,7
"Mitra, S. (2024) Dragon Fruit: Botany, Production and Uses . CABI. ISBN 978-1-80062-313-2",books,2024,https://www.cabidigitallibrary.org/doi/book/10.1079/9781800623156.0000,8
"Nirmal, N., Benjakul, S., and Bono, G. (eds) (2024) Postharvest Technologies and Quality Control of Shrimp . 1st edn. Academic Press. ISBN: 9780443161247",books,2024,https://www.sciencedirect.com/book/9780443161247/postharvest-technologies-and-quality-control-of-shrimp,9
"Öz, Ö., & Aksoy, Z. (2024). Food Co-operatives in Turkey: Building Alternative Food Networks (1st ed.). Routledge. ISBN 9781032266282.",books,2024,https://www.routledge.com/Food-Co-operatives-in-Turkey-Building-Alternative-Food-Networks/Oz-Aksoy/p/book/9781032266282,10
"Adetunji, C.O., Hefft, D.I., Mbuge, D.O., and Workneh, T.S. (eds) (2023) Evaporative Coolers for the Postharvest Management of Fruits and Vegetables . 1st edn. Academic Press. ISBN: 9780323898645",books,2023,https://www.sciencedirect.com/book/9780323898645/evaporative-coolers-for-the-postharvest-management-of-fruits-and-vegetables,11
https://www.routledge.com/Routledge-Handbook-of-Sustainable-Diets/Kevany-Prosperi/p/book/9781032004976,books,2023,https://www.routledge.com/Routledge-Handbook-of-Sustainable-Diets/Kevany-Prosperi/p/book/9781032004976,12
"Manganaris, G.A., Costa, G., & Crisosto, C.H. (2023). Peach . CABI. ISBN 978-1-78924-843-2",books,2023,https://www.cabidigitallibrary.org/doi/book/10.1079/9781789248456.0000,13
"Mitra, S. (2023) Jackfruit: Botany, Production and Uses . CABI. ISBN 978-1-80062-229-6",books,2023,https://www.cabidigitallibrary.org/doi/book/10.1079/9781800622319.0000,14
"Noakes, T., Murphy, T., Wellington, N., Kajee, H., Bullen, J., Rice, S. y Egnos, C. (2023). Ketogenic: The Science of Therapeutic Carbohydrate Restriction in Human Health. 1ra ed. Elsevier. ISBN 978-0-12-821617-0.",books,2023,https://www.sciencedirect.com/book/9780128216170/ketogenic,15
"Papasseit i Totosaus, P., Olmos, L.M., Namesny, A. & Conesa Domínguez, C. (Eds.). (2023). Envasado sostenible de frutas y hortalizas. Mundi-Prensa. ISBN 978-84-16909-51-3.",books,2023,https://issuu.com/horticulturaposcosecha/docs/envasado_sostenible_de_frutas_y_hortalizas,16
"Singh, B.P., Agnihotri, S., Singh, G., and Gupta, V.K. (eds) (2023) Postharvest Management of Fresh Produce Recent Advances . 1st edn. Academic Press. ISBN: 9780323911320",books,2023,https://www.sciencedirect.com/book/9780323911320/postharvest-management-of-fresh-produce,17
"Yahia, E. M. (2023). Sustainable production and postharvest handling of avocado. 1ra ed. Burleigh Dodds Science Publishing. ISBN 978-1801467254.",books,2023,https://shop.bdspublishing.com/store/bds/detail/workgroup/3-190-134279,18
"Florkowski, W.J., Banks, N.H., and Prussia, S.E. (eds) (2022) Postharvest Handling A Systems Approach . Fourth Edition. Academic Press. ISBN: 978-0-12-408137-6",books,2022,https://www.sciencedirect.com/book/9780128228456/postharvest-handling%20%20PDF:https://irrec.ifas.ufl.edu/postharvest/HOS_5085C/Reading%20Assignments/Postharvest%20Handling-%20A%20Systems%20Approach.pdf,19
"Martindale, W., Duong, L. and Jagtap, S. (2022) Food Industry 4.0: Unlocking Advancement Opportunities in the Food Manufacturing Sector . CABI. ISBN: 978-1-78924-842-5",books,2022,https://www.cabidigitallibrary.org/doi/book/10.1079/9781789248593.0000,20
"Nguyen, M. and Kha, T.C. (2022) Gac Fruit: Advances in Cultivation, Utilization, Health Benefits and Processing Technologies . CABI. ISBN: 978-1-78924-729-9",books,2022,https://www.cabidigitallibrary.org/doi/book/10.1079/9781789247329.0000,21
"Rabinowitch, H. and Thomas, B. (2022) Edible Alliums: Botany, Production and Uses . CABI. ISBN: 978-1-78924-997-2",books,2022,https://www.cabidigitallibrary.org/doi/book/10.1079/9781789249996.0000,22
"Sarkhosh, A., Yavari, A. and Ferguson, L. (2022) The Fig: Botany, Production and Uses . CABI. ISBN: 978-1-78924-288-1",books,2022,https://www.cabidigitallibrary.org/doi/book/10.1079/9781789242881.0000,23
"Sivakumar, D., Netzel, M. and Sultanbawa, Y. (2022) Handbook of Phytonutrients in Indigenous Fruits and Vegetables . CABI. CABI. ISBN 978-1-78924-804-3",books,2022,https://www.cabidigitallibrary.org/doi/book/10.1079/9781789248067.0000,24
"Castillo, C. E. (2021) El camino hacia una mejor postcosecha. 1ª ed. Editorial Autores de Argentina. ASIN: B09C6H43JJ.",books,2021,https://autoresdeargentina.com/product/el-camino-hacia-una-mejor-poscosecha-claudio-enrique-estevez-castillo/,25
FAO y CIRAD. 2021. Frutas y hortalizas: Oportunidades y desafíos para la agricultura sostenible a pequeña escala. Roma.,books,2021,https://openknowledge.fao.org/items/4bbf2fd9-af8c-4d1c-b7a4-c7f0e6c54d60,26
"Galanakis, C.M. (ed.) (2021) Food Losses, Sustainable Postharvest and Food Technologies . 1st edn. Academic Press. ISBN: 9780128219126",books,2021,https://www.sciencedirect.com/book/9780128219126/food-losses-sustainable-postharvest-and-food-technologies,27
"Mitra, S. (2021). Guava: botany, production and uses. CABI. ISBN 978-1-78924-702-2.",books,2021,https://www.cabidigitallibrary.org/doi/book/10.1079/9781789247022.0000,28
"Moorthy, S.N., Sajeev, M.S., Ambrose, R.P.K. & Anish, R.J. (2021). Tropical tuber starches: structural and functional characteristics. CABI. ISBN 978-1-78639-481-1.",books,2021,https://www.cabidigitallibrary.org/doi/book/10.1079/9781786394811.0000%20%20PDF:https://www.researchgate.net/publication/363474709_Tropical_tuber_starches_structural_and_functional_characteristics,29
"Sarkhosh, A., Yavari, A.M. & Zamani, Z. (2021). The pomegranate: botany, production and uses. CABI. ISBN 978-1-78924-076-4.",books,2021,https://www.cabidigitallibrary.org/doi/book/10.1079/9781789240764.0000#,30
"Sassine, Y.N. (2021) Mushrooms: Agaricus bisporus . CABI. ISBN: 978-1-80062-041-4",books,2021,https://www.cabidigitallibrary.org/doi/book/10.1079/9781800620414.0000,31
"Thompson, A.K. & Oduro, L. (2021). Yams: botany, production and uses. CABI. ISBN 978-1-78924-927-9.",books,2021,https://www.cabidigitallibrary.org/doi/book/10.1079/9781789249279.0000,32
"Alexander, T.R. & Valliere, B.L.E. (2020). The Professional Handbook of Cider Tasting. CABI. ISBN 978-1-78924-549-3.",books,2020,https://www.cabidigitallibrary.org/doi/book/10.1079/9781789245493.0000,33
"Crisosto, C.H. & Crisosto, G.M. (2020). Manual on postharvest handling of Mediterranean tree fruits and nuts. CABI. ISBN 978-1-78924-717-6",books,2020,https://www.cabidigitallibrary.org/doi/book/10.1079/9781789247176.0000,34
"Emmanuel, G. and Philipp, W.S. (2020) Carrots and related Apiaceae crops . 2nd edn. CABI. ISBN: 978-1-78924-095-5",books,2020,https://www.cabidigitallibrary.org/doi/book/10.1079/9781789240955.0000,35
"Maier, D.E. (ed.) (2020) Advances in grain drying: Technologies and applications . Burleigh Dodds Science Publishing.",books,2020,https://shop.bdspublishing.com/store/bds/detail/workgroup/3-190-89119,36
"Mitra, S. (2020). The papaya: botany, production and uses. CABI. ISBN 978-1-78924-190-7.",books,2020,https://www.cabidigitallibrary.org/doi/book/10.1079/9781789241907.0000,37
"Morales Reyes, E.I. and Bolaños González, M.A. (2020) Manual de Manejo Poscosecha y Fermentaciones del Fruto del Café . [Lleida]: Programa de Postcosecha (IRTA).",books,2020,https://www.researchgate.net/publication/372935743_Manual_de_Manejo_Poscosecha_y_Fermentaciones_del_Fruto_del_Cafe,38
"Mühlbauer, W. and Müller, J. (2020) Drying Atlas Drying Kinetics and Quality of Agricultural Products . 1st edn. Academic Press. ISBN: 9780128181621",books,2020,https://www.sciencedirect.com/book/9780128181621/drying-atlas,39
"Shiva, V. (2020). ¿Quién alimenta realmente al mundo? El fracaso de la agricultura industrial y la promesa de la agroecología. España: CAPITÁN SWING LIBROS.",books,2020,https://capitanswing.com/libros/quien-alimenta-realmente-al-mundo/,40
"Watkins, C. (ed.) (2020) Advances in postharvest management of horticultural produce . Burleigh Dodds Science Publishing.",books,2020,https://shop.bdspublishing.com/store/bds/detail/workgroup/3-190-83667,41
"Yahia, E.M. (2020) Preventing food losses and waste to achieve food security and sustainability. 1ra ed. Burleigh Dodds Science Publishing. ISBN: 9781786763006",books,2020,https://shop.bdspublishing.com/store/bds/detail/workgroup/?id=3-190-83433,42
"Albrigo, L.G., Stelinski, L.L. & Timmer, L.W. (2019). Citrus, 2nd Edition. (Agriculture Series, Vol. 5. Crop production science in horticulture). CABI.",books,2019,https://www.cabidigitallibrary.org/doi/book/10.1079/9781845938154.0000,43
"Albrecht, C., Zizich, N., Garnero Zurlo, S., Scavuzzo, M. & Cervilla, N.S., 2019. Manual de frutas y hortalizas: propiedades físico-químicas y condiciones de manipulación y conservación. Córdoba: Copy-Rápido. ISBN 978-987-3801-61-7.",books,2019,https://www.researchgate.net/publication/337496272_Manual_de_frutas_y_hortalizas_propiedades_fisico-quimicas_y_condiciones_de_manipulacion_y_conservacion,44
"Murray, R.E., Candán, A.P. & Vázquez, D.E., eds., 2019. Manual de poscosecha de frutas. Manejo integrado de patógenos. INTA Ediciones. ISBN 978-987-8333-12-0",books,2019,https://repositorio.inta.gob.ar/xmlui/handle/20.500.12123/6349#%20%20PDF:https://alimentosargentinos.magyp.gob.ar/HomeAlimentos/PDA/documentos/manual_poscosecha_frutas_INTA.pdf,45
"Perlmutter, D. D. (2019). Cerebro de pan: La devastadora verdad sobre los efectos del trigo, el azúcar y los carbohidratos. España: GRIJALBO.",books,2019,https://www.penguinlibros.com/mx/tematicas/44808-ebook-cerebro-de-pan-edicion-revisada-y-actualizada-9786073180849,46
"Yahia, E.M. (ed.) (2019) Postharvest Physiology and Biochemistry of Fruits and Vegetables . Woodhead Publishing. ISBN: 978-0-12-813278-4, ISBN: 978-0-12-813276-0",books,2019,https://www.sciencedirect.com/book/9780128132784/postharvest-physiology-and-biochemistry-of-fruits-and-vegetables,47
"Yahia, E.M. (ed.) (2019) Postharvest Technology of Perishable Horticultural Commodities . Woodhead Publishing.",books,2019,https://www.sciencedirect.com/book/9780128132760/postharvest-technology-of-perishable-horticultural-commodities,48
"Creasy, G.L. (2018) Grapes . 2nd edn. CABI. ISBN: 978-1-78639-136-0",books,2018,https://www.cabidigitallibrary.org/doi/book/10.1079/9781786391360.0000,49
"Galanakis, C.M. (ed.) (2018) Sustainable Meat Production and Processing. 1st edn. Elsevier.",books,2018,https://www.sciencedirect.com/book/9780128148747/sustainable-meat-production-and-processing,50
"Heuvelink, E. (2018) Tomatoes . 2nd edn. CABI. ISBN: 978-1-78064-193-5",books,2018,https://www.cabidigitallibrary.org/doi/book/10.1079/9781780641935.0000,51
"Martínez, E. & Pinto, D., 2018. Tecnología de producción y almacenamiento de cebolla de bulbo (Allium cepa L.) con enfoque sostenible en el trópico colombiano. Tunja: Editorial UPTC. DOI: 10.19053/9789586602839.",books,2018,https://editorial.uptc.edu.co/gpd-tecnologia-de-produccion-y-almacenamiento-de-cebolla-de-bulbo-allium-cepa-l-con-enfoque-sostenible-en-el-tropico-colombiano-9789586602839.html,52
"Prado Ramírez, R., Sánchez Osorio, E. & Flores López, M.L., eds., 2018. Cadenas de valor en el sistema agroalimentario de Chiapas: necesidades, retos y perspectivas. México: CIATEJ y Juan Pablos Editor. ISBN 978-607-97894-2-8",books,2018,https://ciatej.repositorioinstitucional.mx/jspui/handle/1023/647%20%20PDF:https://www.academia.edu/40257353/Cadenas_de_valor_en_el_sistema_agroalimentario_de_Chiapas_necesidades_retos_y_perspectivas,53
"Retamales, J.B. and Hancock, J.F. (2018) Blueberries . 2nd edn. CABI. ISBN: 978-1-78064-726-5",books,2018,https://www.cabidigitallibrary.org/doi/book/10.1079/9781780647265.0000,54
"Sanewski, G.M., Bartholomew, D.P. and Paull, R.E. (2018) The pineapple: botany, production and uses . 2nd edn. CABI. ISBN: 978-1-78639-330-2",books,2018,https://www.cabidigitallibrary.org/doi/book/10.1079/9781786393302.0000,55
"Siddiqui, M.W. (ed.) (2018) Postharvest Disinfection of Fruits and Vegetables . 1st edn. Academic Press. ISBN: 9780128126981",books,2018,https://www.sciencedirect.com/book/9780128126981/postharvest-disinfection-of-fruits-and-vegetables#book-info,56
"Yahia, E.M. (ed.) (2018) Fruit and Vegetable Phytochemicals: Chemistry and Human Health, 2 Volumes, 2nd Edition . Wiley-Blackwell. ISBN: 978-1-119-15797-7",books,2018,https://www.wiley.com/en-mx/Fruit+and+Vegetable+Phytochemicals%3A+Chemistry+and+Human+Health%2C+2+Volumes%2C+2nd+Edition-p-9781119157946,57
"Barkai-Golan, R. and Follett, P.A. (2017) Irradiation for Quality Improvement, Microbial Safety and Phytosanitation of Fresh Produce . 1st edn. Academic Press. ISBN: 9780128110256",books,2017,https://www.sciencedirect.com/book/9780128110256/irradiation-for-quality-improvement-microbial-safety-and-phytosanitation-of-fresh-produce,58
"DiNicolantonio, J. (2017). The Salt Fix: Why the Experts Got It All Wrong–and How Eating More Might Save Your Life. . Harmony Books.",books,2017,https://www.penguinrandomhouse.com/books/545379/the-salt-fix-by-dr-james-dinicolantonio/,59
"D'Silva, J. & Webster, J. (Eds.). (2017). The Meat Crisis: Developing more Sustainable and Ethical Production and Consumption (2nd ed.). Routledge. ISBN 9781138673298.",books,2017,https://www.routledge.com/The-Meat-Crisis-Developing-more-Sustainable-and-Ethical-Production-and-Consumption/DSilva-Webster/p/book/9781138673298?srsltid=AfmBOookcRyrjWAWJJ_WrOO0UBMB6MioPdR-OOhaw13kWPQKtb5kiBRp,60
"Hall, H.K. and Funt, R.C. (2017) Blackberries and their hybrids . CABI. ISBN: 978-1-78064-668-8",books,2017,https://www.cabidigitallibrary.org/doi/book/10.1079/9781780646688.0000,61
"Mulet, J. (2017). Transgénicos sin miedo: Todo lo que necesitas saber sobre ellos de la mano de la ciencia. España: Ediciones Destino.",books,2017,https://www.planetadelibros.com.mx/libro-transgenicos-sin-miedo/251484,62
"Ravindran, P.N. (2017) The Encyclopedia of Herbs & Spices. Volumes 1 and 2 . CABI. ISBN: 978-1-78064-315-1",books,2017,https://www.cabidigitallibrary.org/doi/book/10.1079/9781780643151.0000,63
"Siddiqui, M.W. (ed.) (2017) Preharvest Modulation of Postharvest Fruit and Vegetable Quality. 1st edn. Academic Press. ISBN: 9780128098073",books,2017,https://www.sciencedirect.com/book/9780128098073/preharvest-modulation-of-postharvest-fruit-and-vegetable-quality,64
"Socias i Company, R. and Gradziel, T.M. (2017) Almonds: botany, production and uses . CABI. ISBN: 978-1-78064-354-0",books,2017,https://www.cabidigitallibrary.org/doi/book/10.1079/9781780643540.0000,65
"Wolf-Hall, C. and Nganje, W. (2017) Microbial food safety: a food systems approach . CABI. ISBN: 978-1-78064-481-3",books,2017,https://www.cabidigitallibrary.org/doi/book/10.1079/9781780644806.0000,66
"Yahia, E.M. (ed.) (2017) Fruit and Vegetable Phytochemicals: Chemistry and Human Health, 2 Volumes, 2nd Edition . Wiley-Blackwell. ISBN: 978-1-119-15797-7",books,2017,https://www.wiley.com/en-mx/Fruit+and+Vegetable+Phytochemicals%3A+Chemistry+and+Human+Health%2C+2+Volumes%2C+2nd+Edition-p-9781119157946,67
"Ambrose, D.C.P., Manickavasagan, A. and Naik, R. (2016) Leafy medicinal herbs: botany, chemistry, postharvest technology and uses. CABI. ISBN: 978-1-78064-559-9",books,2016,https://www.cabidigitallibrary.org/doi/book/10.1079/9781780645599.0000,68
"Sáenz Torres, S. M., Chaparro González, M. P. y Bernal Bechara, L. C. (2016). Yacón:producción, transformación y beneficios. 1ra ed. [en línea] Bogotá: Universidad de La Salle. ISBN 9789585400085.",books,2016,https://ciencia.lasalle.edu.co/items/32627615-5d6d-4ee0-b77d-9a2d188a77cf/full,69
"Siddiqui, M.W. (ed.) (2016) Eco-Friendly Technology for Postharvest Produce Quality. 1st edn. Academic Press. ISBN: 9780128043134",books,2016,https://www.sciencedirect.com/book/9780128043134/eco-friendly-technology-for-%20postharvest-produce-quality,70
"Aguilera Ortíz, M., Ramírez de León, J.A., Reynoso Camacho, R. y Gómez Aldapa, C.A. (coords.) (2014). Los alimentos en México y su relación con la salud. 1ª ed. México: Universidad autónoma de Tamaulipas.",books,2016,https://riuat.uat.edu.mx/handle/123456789/1563,71
"Bautista Baños, S. (ed.) (2014) Postharvest Decay Control Strategies . 1st edn. Academic Press. ISBN: 9780128101469 https://www.wiley.com/en-mx/search?pq=postcosecha",books,2016,https://www.wiley.com/en-mx/search?pq=postcosecha,72
"Florkowski, W.J., Shewfelt, R.L., and Prussia, S.E. (eds) (2014) Postharvest Handling A Systems Approach . Third Edition. Academic Press.",books,2016,http://Postharvest Handling | ScienceDirect,73
"Harris, L.J. (ed.) (2013) Improving the Safety and Quality of Nuts . 1st edn. Woodhead Publishing. ISBN: 9780857092663gg",books,2013,https://www.sciencedirect.com/book/9780857092663/improving-the-safety-and-quality-of-nuts,74
"Chaparro González, M. P. y Bernal Bechara, L. C. (2016). Yacón: producción, transformación y beneficios. 1ra ed. [en línea] Bogotá: Universidad de La Salle. ISBN 9789585400085.",books,2013,https://ciencia.lasalle.edu.co/items/32627615-5d6d-4ee0-b77d-9a2d188a77cf/full,75
"Siddiqui, M.W. (ed.) (2016) Eco-Friendly Technology for Postharvest Produce Quality . 1st edn. Academic Press. ISBN: 9780128043134",books,2013,https://www.sciencedirect.com/book/9780128043134/eco-friendly-technology-for-postharvest-produce-quality,76
"Kader, A. (ed.) (2002) Tecnología postcosecha de cultivos hortícolas. 3ra ed. California: University of California Agriculture & Natural Resources. ISBN 978-1-60107-744-8.",books,2012,https://anrcatalog.ucanr.edu/Details.aspx?itemNo=3530,77
"Weintraub, P- G., P Jones (Editors) 2009. Phytoplasmas: Genomes, Plant Host and Vectors, CABI.",books,2012,http://www.cabi.org/cabipages/bk_BookDisplay.asp?PID=2173,78
"Ferry, N and A Gatehouse (Editors)2009. Enviromental Impact of geentically Modified Crops. CABI.",books,2012,http://www.cabi.org/cabipages/bk_BookDisplay.asp?PID=2087,79
Benjamin Caballero (Ed). 2009. Guide to Nutritional Supplements. ISBN: 978-0-12-375109-6.,books,2009,http://www.elsevierdirect.com/product.jsp?isbn=9780123751096,80
HNB Publishing,books,2009,http://www.hnbpub.com/,81
"Boisrobert Christine, Stjepanovic Aleksandra, Oh Sangsuk and Helieveld Huub, Ensuring Global Food Safety Exploring Global Harmonization. ISBN: 978-0-12-374845-4",books,2009,http://www.elsevierdirect.com/product.jsp?isbn=9780123748454,82
"Castellanos, Javier Z. 2009. Manual de producción de tomate en invernadero. Intagri",books,2009,http://www.intagri.com.mx/Manual_Tomate.html,83
"Castle, David and Nola Ries (Eds). 2009. Nutrition and Genomics. Elsevier. 328 pages, ISBN: 978-0-12-746275-2.",books,2009,http://mail.elsevier-alerts.com/go.asp?/bESJ001/mUBF2Z8/qUKX2Z8/u2APG6/xFMO2Z8%22,84
"Da-Wen Sun. 2009. Infrared Spectroscopy for Food Quality Analysis and Control. Elsevier. 448 Pages, ISBN: 978-0-12-374136-3.",books,2009,http://mail.elsevier-alerts.com/go.asp?/bESJ001/mUBF2Z8/q3TOKZ8/u2APG6/xFMO2Z8,85
"D P Khasa, Universite Laval, Canada; Y Piche, Universite Laval, Canada; A P Coughlin, Quebec Project Manager for Bird Studies, Canada. Advances in Mycorrhizal Science and Technology. October 2009 / Hardback / 208 Pages /ISBN: 9781845935863",books,2009,http://www.cabi.org/cabipages/bk_BookDisplay.asp?PID=2154,86
"Forestry and Climate Change. Edited by P H Freer-Smith, Forest Research, UK; M S J Broadmeadow, Forest Research, UK; J M Lynch, Forest Research, UK. October 2009 / Paperback / 272 Pages / ISBN: 9781845935962",books,2009,http://www.cabi.org/cabipages/bk_bookdisplay.asp?pid=2051,87
"Hui, Y.H. et. al. 2009. Handbook of Fruits and Fruit Processing. 978-0-8138-1981-5, Wiley-Blackwell",books,2009,http://www.wiley.com/WileyCDA/WileyTitle/productCd-0813819814.html,88
"J. Bórgi, Freelance journalist, Switzerland. Insect Resistant Maize. October 2009 / Hardback / 304 Pages /ISBN: 9781845935696",books,2009,http://www.cabi.org/cabipages/bk_BookDisplay.asp?PID=2175,89
"Kader, Adel A. and Hussein, Awad. 2009. Harvesting and postharvest handling of dates. ICARDA, Aleppo, Syria. iv + 15 pp. In Arabic. ISBN: 92-9127-213-6.",books,2009,http://localhost/Phytochemicals/pdf/Kader%20and%20Hussein%202009%20%20Harvesting%20and%20Handling%20of%20Dates%20(Arabic)%20pdf.pdf,90
"Kader, Adel A. and Hussein, Awad. 2009. Harvesting and postharvest handling of dates. ICARDA, Aleppo, Syria. iv + 15 pp. In English. ISBN: 92-9127-213-6.",books,2009,http://localhost/Phytochemicals/pdf/Kader%20%20and%20Hussein%202009%20Harvesting%20and%20Handling%20of%20Dates(English)%20pdf.pdf,91
HNB Publishing,books,2009,http://www.hnbpub.com/,92
"Litz, R.E. 2009. The Mango: Botany, Production and Uses. 2nd Edition. CABI, 704 pages, ISBN: 978184593489.",books,2009,http://www.cabi.org/bk_BookDisplay.asp?SubjectArea=Pla&Subject=Horticulture&PID=2134ttp://www.cabi.org/bk_BookDisplay.asp?SubjectArea=Pla&Subject=Horticulture&PID=2134,93
"Ross Watson , Ronald and Victor R. Preedy (Eds). 2009. Bioactive Foods in Promoting Health Fruits and Vegetables. ISBN: 978-0-12-374628-3.",books,2009,http://www.elsevierdirect.com/product.jsp?isbn=9780123746283,94
"Terry, L. 2009. Health-Promoting Properties of Fruits and Vegetables. CABI. In press.",books,2009,http://www.cabi.org/bk_BookDisplay.asp?PID=2158,95
"Valero, D. and M. Serrano. 2010. Postharvest Biology and Technology for Preserving Food Quality. CRC Taylor & Francis. In Press.",books,2009,http://beta.crcpress.com/product/isbn/9781439802663%C2%A0,96
"Yahia Elhadi M. (Editor). 2009. Modified and controlled atmospheres for transportation, storage and packaging of horticultural commodities. Recent advances. CRC Press (Taylor & Francis)",books,2009,http://www.crcpress.com/shopping_cart/products/product_detail.asp?sku=69578&isbn=9781420069570&parent_id=&pc,97
"Wojciech J. Florkowski, Stanley E. Prussia, Robert L. Shewfelt, Bernhard Brueckner (Eds). 2009. Postharvest Handling. 2nd Edition. A Systems Approach. Elsevier. 640 Pages",books,2009,http://mail.elsevier-alerts.com/go.asp?/bESJ001/mUBF2Z8/qLKFTZ8/u2APG6/xFMO2Z8,98
"Bruckner, B., and S.G. Wyllie (Editors). 2008. Fruit and vegetable flavor: Recent advances and future prospects. CRC Press, Boca Raton, FL (ISBN: 9781420076004)",books,2008,http://ucce.ucdavis.edu/datastore/detailreport.cfm?usernumber=14&surveynumber=277,99
"Gopinadhan Paliyath (University of Guelph), Dennis Murr (University of Guelph), Avtar Handa (Purdue University) and Susan Lurie (The Volcani Center) (Eds). 2008. Postharvest Biology and Technology of Fruits, Vegetables, and Flowers. Blackwell Publishing",books,2008,http://www.blackwellpublishing.com/book.asp?ref=9780813804088&site=1,100
Gordon L. Robertson and John R. Lupien (Eds.). 2008. Using Food Science and Technology to Improve Nutrition and Promote National Development. International Union of Food Science & Technology (IUFoST),books,2008,http://www.iufost.org/publications/books/documents/Table.pdf,101
"Ladaniya, M.S. 2008. Citrus Fruit Biology, Technology and Evaluation. Academic Press (Elsevier), San Diego, CA, USA (ISBN: 978-0-12-374130-1), 558 pages.",books,2008,http://ucce.ucdavis.edu/datastore/detailreport.cfm?usernumber=15&surveynumber=277,102
"Lee, DS, L. Piergiovanni, and K. Yam. 2008. Food Packaging Science and Technology. CRC Taylor & Francis, ISBN: 9780824727796.",books,2008,http://beta.crcpress.com/product/isbn/9780824727796;jsessionid=5BBD57A7FC546A166BDCB2EC54956F29,103
"LibbyLibby: Braunwald’s Heart Disease: A Textbook of Cardiovascular Medicine. Editor WB Saunders, 2008.",books,2008,http://www.mdconsult.com/das/book/body/120701964-2/0/1549/0.html,104
"Nunes, M.C.N. 2008. Color Atlas of Postharvest Quality of Fruits and Vegetables. Blackwell Publ., Ames, Iowa (ISBN: 978081381752-1)",books,2008,http://ucce.ucdavis.edu/datastore/detailreport.cfm?usernumber=12&surveynumber=277,105
FAO. 2007. Nutrition Education in Primary Schools. A planning guide for curriculum development.,books,2008,http://www.fao.org/docrep/009/a0333e/a0333e00.htm,106
Principios Básicos de Investigación Clínica. 2007. Fundació Institut Català de Farmacologia (FICF).,books,2008,http://www.icf.uab.es/llibre/llibre.htm,107
"Tang, J., E. Mitcham, S. Wang, and S. Lurie. 2007. Heat Treatments for Postharvest Pest Control Theory & Practice. CABI Publishing, Wallingford, UK, 350 pp. ISBN: 9781845932527",books,2008,http://ucce.ucdavis.edu/datastore/detailreport.cfm?usernumber=7&surveynumber=277,108
"Wilson, C. (Editor). 2007. Frontiers of “intelligent” and “active” packaging for fruits and vegetables.",books,2008,http://www.crcpress.com/shopping_cart/products/product_detail.asp?sku=9166&isbn=9780849391668&parent_id=&pc,109
"Zhao Y. 2007. Berry Fruit Value-added Products for Health Promotion. CRC Press, Boca Raton, FL, 430 pp. ISBN 10:0-8493-5802-7",books,2008,http://ucce.ucdavis.edu/datastore/detailreport.cfm?usernumber=6&surveynumber=277,110
World Health Organization (WHO). 2007. Prevention of cardiovascular disease: Guidelines for assessment and management of cardiovascular risk,books,2008,http://www.who.int/cardiovascular_diseases/guidelines/Prevention_of_Cardiovascular_Disease/en/index.html,111
"Ben-Yehoshua, S. 2006. Environmentally Friendly Technologies for Agricultural Produce Quality. CRC Press, Boca Raton, FL, 534 pp. ISBN 10:0-8493-1911-0",books,2006,http://ucce.ucdavis.edu/datastore/detailreport.cfm?usernumber=9&surveynumber=277,112
FAO. 2006. Guidelines on food fortification with micronutrients.,books,2006,http://www.who.int/nutrition/publications/guide_food_fortification_micronutrients.pdf,113
"Hui, Y.H. 2006. Food Biochemistry and_Food_Processing. 978-0-8138-0378-4, Wiley-Blackwell",books,2006,http://www.wiley.com/WileyCDA/WileyTitle/productCd-0813803780.html,114
"Sapers, G.M., J.R. Gorny, and A.E. Yousef. 2006. Vegetables. CRC Press, Boca Raton, FL, 634 pp. ISBN-10:0-8493-2261-8",books,2006,http://ucce.ucdavis.edu/datastore/detailreport.cfm?usernumber=8&surveynumber=277%22%20Microbiology%20of%20Fruits%20and,115
"SEDCA. 2006. Recomendaciones de SPNS/GEAM/SENPE/AEDN/SEDCA/GESIDA sobre nutrición en el paciente con infección por VIH. Ministerio de Sanidad y Consumo Secretaría General Técnica Centro de Publicaciones, Madrid, España.",books,2006,http://www.nutrinfo.com.mx/pagina/e-books/recomendaciones_sobre_nutricion_en_vih.pdf?PHPSESS=b38c02a9c646ab6ab82294cd83c94820,116
"Yahia, E.M., J. J. Ornelas Paz, and R. Ariza. 2006. The Mango (in Spanish). Trillas, México, ISBN 968-24-7380-2, 224 pages",books,2006,http://www.vanstockum.nl/product/11422916/El-Mango.html,117
"Lamikara, O., S. Imam, and D. Ukuku. 2005. Produce Degradation Pathways and Prevention. CRC Press, Boca Raton, FL, 677 pp. ISBN-10:0-8493-1902-1",books,2006,http://ucce.ucdavis.edu/datastore/detailreport.cfm?usernumber=11&surveynumber=277,118
"MARC, F. 2005. Nutrition for football. A practical guide to eating and drinking for health and performance. Based on an International Consensus Conference held at FIFA House in Zurich. September 2005.",books,2006,http://www.nutrinfo.com.mx/pagina/e-books/nutrition-football.pdf?PHPSESS=b38c02a9c646ab6ab82294cd83c94820,119
"Burg, S.B. 2004. Postharvest Physiology and Hypobaric Storage of Fresh. CABI Publishing, Wallingford, UK: 654pp. ISBN 0-85199-801-1",books,2006,http://ucce.ucdavis.edu/datastore/detailreport.cfm?usernumber=4&surveynumber=277,120
"Camara-Hurtado et al. 2004. Frutas y verduras, fuentes de salud. Instituto de Salud Pública, Madrid.",books,2006,http://www.senba.es/recursos/pdf/frutas_y_verduras.pdf,121
"Kays, S.J. and R.E. Paull. 2004. Postharvest Biology. Exon Press, Athens, GA, 568 pp. ISBN: 1-888186-54-2",books,2006,http://ucce.ucdavis.edu/datastore/detailreport.cfm?usernumber=10&surveynumber=277,122
"WHO – FAO, 2004. Vitamin and mineral requirements in human nutrition. Second Edition.",books,2006,http://whqlibdoc.who.int/publications/2004/9241546123.pdf,123
"Arrizabalaga J.J., A. Calañas-Continente, J. Vidal, L. Masmiquel, M.J. Díaz-Fernández, P.P. García-Luna, S. Monereo, J. Moreiro, B. Moreno, W. Ricart, F. Cordido. 2003. Guía de práctica clínica para el manejo del sobrepeso y la obesidad en personas adultas. Sociedad Española de Endocrinología y Nutrición.",books,2006,http://www.mpg.es/archivos/media/guias/guia-clinica-obesidad.pdf,124
"Bourges, H., Bengoa J., O’Donnell A. 2003. Historias de la Nutrición en América Latina. Sociedad Latinoamericana de Nutrición.",books,2006,http://www.slan.org.mx/docs/HistNut_SLAN.pdf,125
"Chakraverty, A., A.S. Mujumdar, G.S.V. Raghavan, and H.S. Ramaswamy. 2003. Handbook of Postharvest Technology: Cereals, Fruits, Vegetables, Tea, and Spices. Marcel Dekker, Inc., NY; 884 pages; ISBN 0-8247-0514-9",books,2006,http://www.dekker.com/,126
"FAO. 2003. Food Composition Data: Production, Management and Use.",books,2006,http://www.fao.org/infoods/publications_en.stm#fcdpmu,127
Nutrition for athletes – winter sports. 2003. International Olympic Committee. A practical guide to eating for health and performance. Prepared by the Nutrition Working Group of the Medical Commission of the International Olympic Committee. Based on an International Consensus Conference held at the IOC in Lausanne in June 2003.,books,2006,http://www.nutrinfo.com.mx/pagina/e-books/nutrition-for-athletes.pdf?PHPSESS=b38c02a9c646ab6ab82294cd83c94820,128
"Anderson, H., J. Blundell and M Chiva. 2002. From genes to culture. Danone Institute.",books,2006,http://www.danoneinstitute.org/publications/book/food_selection_from_genes_to_culture.php,129
"Golob, P., G. Farrell, and J.E. Orchard (editors). 2002. Crop Post-harvest: Science and Technology. Volume 1. Principles and Practices. Blackwell Publishing and the Natural Resources Institute (NRI), University of Greenwich, UK; 554 pages; ISBN 0-632-05723-8",books,2006,http://www.blackwell-science.com/,130
"McGinnis, M., J. Appleton Gootman, V. I. Kraak (Editors). 2006. Food Marketing to Children and Youth: Threat or Opportunity?. Board on Children, Youth and Families – Food and Nutrition Board.",books,2006,http://www.nap.edu/openbook.php?isbn=0309097134,131
"Clinical Guidelines on the Identification, Evaluation, and Treatment of Overweight and Obesity in Adults. National Institutes of Health.",books,1999,http://www.nhlbi.nih.gov/guidelines/obesity/ob_home.htm,132
"FAO. 1997. Nutrition education for the public. Discussion papers of the FAO Expert Consultation (Rome, Italy 18-22 September 1995) – FAO Food and Nutrition Paper 62.",books,1999,http://www.fao.org/docrep/w3733e/w3733e00.htm,133
FAO/OMS. 1997. Grasas y Aceites en la Nutrición Humana. Consulta FAO/OMS de expertos.,books,1999,http://www.fao.org/docrep/V4700E/V4700E00.htm,134
"Latham, M. 1997. Human Nutrition in the Developing World. Organización de las Naciones Unidas para la Agricultura y la Alimentación.",books,1999,http://www.fao.org/docrep/w0073e/w0073e00.htm,135
WHO. 1997. ¿Qué es el Códex Alimentarius?. Organización Mundial de la Salud.,books,1999,http://www.fao.org/docrep/w9114s/w9114s00.htm,136
"FAO. 1994. Food, Nutrition and Agriculture – 12 – Food composition data.",books,1999,http://www.fao.org/docrep/V6000t/V6000t00.htm,137
"Yahia, E.M. and I. Higuera. (Eds). l992. Postharvest Physiology and Technology of Horticultural Crops (In Spanish). Limusa/Grupo Noriega Editores, México. 303p. ISBN 968-18-4147-6",books,1999,http://www.amazon.com/Fisiologia-Tecnologia-Postcosecha-Productos-Horticolas/dp/9681841476,138
"Alais, Charles. 1985. Ciencia de la leche: Principios de Técnica Lechera, 2ª Edición, Editorial Continenta.",books,1991,"http://books.google.com.mx/books?id=bW_ULacGBZMC&printsec=frontcover&dq=Ciencia+de+la+leche:+Principios+de+T%C3%A9cnica+Lechera#PPP1,M1",139
Solimano G. and Taylor L. 1980. Food price policies and nutrition in Latin America. The United Nations University. ISBN: 92-808-0128-7.,books,1991,http://www.unu.edu/unupress/unupbooks/80128e/80128E00.htm,140
"Stange, Claudia (Ed.).2016. Carotenoids in Nature: Biosynthesis, Regulation and Function. ISBN 978-3-319-39126-7",books,1979,https://www.springer.com/la/book/9783319391243,141
"Weintraub, P- G., P Jones (Editors) 2009. Phytoplasmas: Genomes, Plant Host and Vectors, CABI.",books,2010,http://www.cabi.org/cabipages/bk_BookDisplay.asp?PID=2173,142
"Ferry, N and A Gatehouse (Editors)2009. Enviromental Impact of geentically Modified Crops. CABI.",books,2010,http://www.cabi.org/cabipages/bk_BookDisplay.asp?PID=2087,143
Benjamin Caballero (Ed). 2009. Guide to Nutritional Supplements. ISBN: 978-0-12-375109-6.,books,2009,http://www.elsevierdirect.com/product.jsp?isbn=9780123751096,144
HNB Publishing,books,2009,http://www.hnbpub.com/,145
"Boisrobert Christine, Stjepanovic Aleksandra, Oh Sangsuk and Helieveld Huub, Ensuring Global Food Safety Exploring Global Harmonization. ISBN: 978-0-12-374845-4",books,2009,http://www.elsevierdirect.com/product.jsp?isbn=9780123748454,146
"Castellanos, Javier Z. 2009. Manual de producción de tomate en invernadero. Intagri",books,2009,http://www.intagri.com.mx/Manual_Tomate.html,147
"Castle, David and Nola Ries (Eds). 2009. Nutrition and Genomics. Elsevier. 328 pages, ISBN: 978-0-12-746275-2.",books,2009,http://mail.elsevier-alerts.com/go.asp?/bESJ001/mUBF2Z8/qUKX2Z8/u2APG6/xFMO2Z8%22,148
"Da-Wen Sun. 2009. Infrared Spectroscopy for Food Quality Analysis and Control. Elsevier. 448 Pages, ISBN: 978-0-12-374136-3.",books,2009,http://mail.elsevier-alerts.com/go.asp?/bESJ001/mUBF2Z8/q3TOKZ8/u2APG6/xFMO2Z8,149
"D P Khasa, Universite Laval, Canada; Y Piche, Universite Laval, Canada; A P Coughlin, Quebec Project Manager for Bird Studies, Canada. Advances in Mycorrhizal Science and Technology. October 2009 / Hardback / 208 Pages /ISBN: 9781845935863",books,2009,http://www.cabi.org/cabipages/bk_BookDisplay.asp?PID=2154,150
"Forestry and Climate Change. Edited by P H Freer-Smith, Forest Research, UK; M S J Broadmeadow, Forest Research, UK; J M Lynch, Forest Research, UK. October 2009 / Paperback / 272 Pages / ISBN: 9781845935962",books,2009,http://www.cabi.org/cabipages/bk_bookdisplay.asp?pid=2051,151
"J. Bórgi, Freelance journalist, Switzerland. Insect Resistant Maize. October 2009 / Hardback / 304 Pages /ISBN: 9781845935696",books,2009,http://www.cabi.org/cabipages/bk_BookDisplay.asp?PID=2175,152
"Kader, Adel A. and Hussein, Awad. 2009. Harvesting and postharvest handling of dates. ICARDA, Aleppo, Syria. iv + 15 pp. In Arabic. ISBN: 92-9127-213-6.",books,2009,http://localhost/Phytochemicals/pdf/Kader%20and%20Hussein%202009%20%20Harvesting%20and%20Handling%20of%20Dates%20(Arabic)%20pdf.pdf,153
"Kader, Adel A. and Hussein, Awad. 2009. Harvesting and postharvest handling of dates. ICARDA, Aleppo, Syria. iv + 15 pp. In English. ISBN: 92-9127-213-6.",books,2009,http://localhost/Phytochemicals/pdf/Kader%20%20and%20Hussein%202009%20Harvesting%20and%20Handling%20of%20Dates(English)%20pdf.pdf,154
HNB Publishing,books,2009,http://www.hnbpub.com/,155
"Litz, R.E. 2009. The Mango: Botany, Production and Uses. 2nd Edition. CABI, 704 pages, ISBN: 978184593489.",books,2009,http://www.cabi.org/bk_BookDisplay.asp?SubjectArea=Pla&Subject=Horticulture&PID=2134ttp://www.cabi.org/bk_BookDisplay.asp?SubjectArea=Pla&Subject=Horticulture&PID=2134,156
"Ross Watson , Ronald and Victor R. Preedy (Eds). 2009. Bioactive Foods in Promoting Health Fruits and Vegetables. ISBN: 978-0-12-374628-3.",books,2009,http://www.elsevierdirect.com/product.jsp?isbn=9780123746283,157
"Terry, L. 2009. Health-Promoting Properties of Fruits and Vegetables. CABI. In press.",books,2009,http://www.cabi.org/bk_BookDisplay.asp?PID=2158,158
"Valero, D. and M. Serrano. 2010. Postharvest Biology and Technology for Preserving Food Quality. CRC Taylor & Francis. In Press.",books,2009,http://beta.crcpress.com/product/isbn/9781439802663%C2%A0,159
"Yahia Elhadi M. (Editor). 2009. Modified and controlled atmospheres for transportation, storage and packaging of horticultural commodities. Recent advances. CRC Press (Taylor & Francis)",books,2009,http://www.crcpress.com/shopping_cart/products/product_detail.asp?sku=69578&isbn=9781420069570&parent_id=&pc,160
"Wojciech J. Florkowski, Stanley E. Prussia, Robert L. Shewfelt, Bernhard Brueckner (Eds). 2009. Postharvest Handling. 2nd Edition. A Systems Approach. Elsevier. 640 Pages",books,2009,http://mail.elsevier-alerts.com/go.asp?/bESJ001/mUBF2Z8/qLKFTZ8/u2APG6/xFMO2Z8,161
"Bruckner, B., and S.G. Wyllie (Editors). 2008. Fruit and vegetable flavor: Recent advances and future prospects. CRC Press, Boca Raton, FL (ISBN: 9781420076004)",books,2008,http://ucce.ucdavis.edu/datastore/detailreport.cfm?usernumber=14&surveynumber=277,162
"Gopinadhan Paliyath (University of Guelph), Dennis Murr (University of Guelph), Avtar Handa (Purdue University) and Susan Lurie (The Volcani Center) (Eds). 2008. Postharvest Biology and Technology of Fruits, Vegetables, and Flowers. Blackwell Publishing",books,2008,http://www.blackwellpublishing.com/book.asp?ref=9780813804088&site=1,163
Gordon L. Robertson and John R. Lupien (Eds.). 2008. Using Food Science and Technology to Improve Nutrition and Promote National Development. International Union of Food Science & Technology (IUFoST),books,2008,http://www.iufost.org/publications/books/documents/Table.pdf,164
"Ladaniya, M.S. 2008. Citrus Fruit Biology, Technology and Evaluation. Academic Press (Elsevier), San Diego, CA, USA (ISBN: 978-0-12-374130-1), 558 pages.",books,2008,http://ucce.ucdavis.edu/datastore/detailreport.cfm?usernumber=15&surveynumber=277,165
"Lee, DS, L. Piergiovanni, and K. Yam. 2008. Food Packaging Science and Technology. CRC Taylor & Francis, ISBN: 9780824727796.",books,2008,http://beta.crcpress.com/product/isbn/9780824727796;jsessionid=5BBD57A7FC546A166BDCB2EC54956F29,166
"LibbyLibby: Braunwald’s Heart Disease: A Textbook of Cardiovascular Medicine. Editor WB Saunders, 2008.",books,2008,http://www.mdconsult.com/das/book/body/120701964-2/0/1549/0.html,167
"Nunes, M.C.N. 2008. Color Atlas of Postharvest Quality of Fruits and Vegetables. Blackwell Publ., Ames, Iowa (ISBN: 978081381752-1)",books,2008,http://ucce.ucdavis.edu/datastore/detailreport.cfm?usernumber=12&surveynumber=277,168
FAO. 2007. Nutrition Education in Primary Schools. A planning guide for curriculum development.,books,2008,http://www.fao.org/docrep/009/a0333e/a0333e00.htm,169
Principios Básicos de Investigación Clínica. 2007. Fundació Institut Català de Farmacologia (FICF).,books,2008,http://www.icf.uab.es/llibre/llibre.htm,170
"Tang, J., E. Mitcham, S. Wang, and S. Lurie. 2007. Heat Treatments for Postharvest Pest Control Theory & Practice. CABI Publishing, Wallingford, UK, 350 pp. ISBN: 9781845932527",books,2008,http://ucce.ucdavis.edu/datastore/detailreport.cfm?usernumber=7&surveynumber=277,171
"Wilson, C. (Editor). 2007. Frontiers of “intelligent” and “active” packaging for fruits and vegetables.",books,2008,http://www.crcpress.com/shopping_cart/products/product_detail.asp?sku=9166&isbn=9780849391668&parent_id=&pc,172
"Zhao Y. 2007. Berry Fruit Value-added Products for Health Promotion. CRC Press, Boca Raton, FL, 430 pp. ISBN 10:0-8493-5802-7",books,2008,http://ucce.ucdavis.edu/datastore/detailreport.cfm?usernumber=6&surveynumber=277,173
World Health Organization (WHO). 2007. Prevention of cardiovascular disease: Guidelines for assessment and management of cardiovascular risk,books,2008,http://www.who.int/cardiovascular_diseases/guidelines/Prevention_of_Cardiovascular_Disease/en/index.html,174
"Ben-Yehoshua, S. 2006. Environmentally Friendly Technologies for Agricultural Produce Quality. CRC Press, Boca Raton, FL, 534 pp. ISBN 10:0-8493-1911-0",books,2006,http://ucce.ucdavis.edu/datastore/detailreport.cfm?usernumber=9&surveynumber=277,175
FAO. 2006. Guidelines on food fortification with micronutrients.,books,2006,http://www.who.int/nutrition/publications/guide_food_fortification_micronutrients.pdf,176
"Sapers, G.M., J.R. Gorny, and A.E. Yousef. 2006. Vegetables. CRC Press, Boca Raton, FL, 634 pp. ISBN-10:0-8493-2261-8",books,2006,http://ucce.ucdavis.edu/datastore/detailreport.cfm?usernumber=8&surveynumber=277%22%20Microbiology%20of%20Fruits%20and,177
"SEDCA. 2006. Recomendaciones de SPNS/GEAM/SENPE/AEDN/SEDCA/GESIDA sobre nutrición en el paciente con infección por VIH. Ministerio de Sanidad y Consumo Secretaría General Técnica Centro de Publicaciones, Madrid, España.",books,2006,http://www.nutrinfo.com.mx/pagina/e-books/recomendaciones_sobre_nutricion_en_vih.pdf?PHPSESS=b38c02a9c646ab6ab82294cd83c94820,178
"Yahia, E.M., J. J. Ornelas Paz, and R. Ariza. 2006. The Mango (in Spanish). Trillas, México, ISBN 968-24-7380-2, 224 pages",books,2006,http://www.vanstockum.nl/product/11422916/El-Mango.html,179
"Lamikara, O., S. Imam, and D. Ukuku. 2005. Produce Degradation Pathways and Prevention. CRC Press, Boca Raton, FL, 677 pp. ISBN-10:0-8493-1902-1",books,2006,http://ucce.ucdavis.edu/datastore/detailreport.cfm?usernumber=11&surveynumber=277,180
"MARC, F. 2005. Nutrition for football. A practical guide to eating and drinking for health and performance. Based on an International Consensus Conference held at FIFA House in Zurich. September 2005.",books,2006,http://www.nutrinfo.com.mx/pagina/e-books/nutrition-football.pdf?PHPSESS=b38c02a9c646ab6ab82294cd83c94820,181
"Burg, S.B. 2004. Postharvest Physiology and Hypobaric Storage of Fresh. CABI Publishing, Wallingford, UK: 654pp. ISBN 0-85199-801-1",books,2006,http://ucce.ucdavis.edu/datastore/detailreport.cfm?usernumber=4&surveynumber=277,182
"Camara-Hurtado et al. 2004. Frutas y verduras, fuentes de salud. Instituto de Salud Pública, Madrid.",books,2006,http://www.senba.es/recursos/pdf/frutas_y_verduras.pdf,183
"Kays, S.J. and R.E. Paull. 2004. Postharvest Biology. Exon Press, Athens, GA, 568 pp. ISBN: 1-888186-54-2",books,2006,http://ucce.ucdavis.edu/datastore/detailreport.cfm?usernumber=10&surveynumber=277,184
"WHO – FAO, 2004. Vitamin and mineral requirements in human nutrition. Second Edition.",books,2006,http://whqlibdoc.who.int/publications/2004/9241546123.pdf,185
"Arrizabalaga J.J., A. Calañas-Continente, J. Vidal, L. Masmiquel, M.J. Díaz-Fernández, P.P. García-Luna, S. Monereo, J. Moreiro, B. Moreno, W. Ricart, F. Cordido. 2003. Guía de práctica clínica para el manejo del sobrepeso y la obesidad en personas adultas. Sociedad Española de Endocrinología y Nutrición.",books,2006,http://www.mpg.es/archivos/media/guias/guia-clinica-obesidad.pdf,186
"Bourges, H., Bengoa J., O’Donnell A. 2003. Historias de la Nutrición en América Latina. Sociedad Latinoamericana de Nutrición.",books,2006,http://www.slan.org.mx/docs/HistNut_SLAN.pdf,187
"Chakraverty, A., A.S. Mujumdar, G.S.V. Raghavan, and H.S. Ramaswamy. 2003. Handbook of Postharvest Technology: Cereals, Fruits, Vegetables, Tea, and Spices. Marcel Dekker, Inc., NY; 884 pages; ISBN 0-8247-0514-9",books,2006,http://www.dekker.com/,188
"FAO. 2003. Food Composition Data: Production, Management and Use.",books,2006,http://www.fao.org/infoods/publications_en.stm#fcdpmu,189
Nutrition for athletes – winter sports. 2003. International Olympic Committee. A practical guide to eating for health and performance. Prepared by the Nutrition Working Group of the Medical Commission of the International Olympic Committee. Based on an International Consensus Conference held at the IOC in Lausanne in June 2003.,books,2006,http://www.nutrinfo.com.mx/pagina/e-books/nutrition-for-athletes.pdf?PHPSESS=b38c02a9c646ab6ab82294cd83c94820,190
"Anderson, H., J. Blundell and M Chiva. 2002. From genes to culture. Danone Institute.",books,2006,http://www.danoneinstitute.org/publications/book/food_selection_from_genes_to_culture.php,191
"Golob, P., G. Farrell, and J.E. Orchard (editors). 2002. Crop Post-harvest: Science and Technology. Volume 1. Principles and Practices. Blackwell Publishing and the Natural Resources Institute (NRI), University of Greenwich, UK; 554 pages; ISBN 0-632-05723-8",books,2006,http://www.blackwell-science.com/,192
"McGinnis, M., J. Appleton Gootman, V. I. Kraak (Editors). 2006. Food Marketing to Children and Youth: Threat or Opportunity?. Board on Children, Youth and Families – Food and Nutrition Board.",books,2006,http://www.nap.edu/openbook.php?isbn=0309097134,193
"Clinical Guidelines on the Identification, Evaluation, and Treatment of Overweight and Obesity in Adults. National Institutes of Health.",books,1999,http://www.nhlbi.nih.gov/guidelines/obesity/ob_home.htm,194
"FAO. 1997. Nutrition education for the public. Discussion papers of the FAO Expert Consultation (Rome, Italy 18-22 September 1995) – FAO Food and Nutrition Paper 62.",books,1999,http://www.fao.org/docrep/w3733e/w3733e00.htm,195
FAO/OMS. 1997. Grasas y Aceites en la Nutrición Humana. Consulta FAO/OMS de expertos.,books,1999,http://www.fao.org/docrep/V4700E/V4700E00.htm,196
"Latham, M. 1997. Human Nutrition in the Developing World. Organización de las Naciones Unidas para la Agricultura y la Alimentación.",books,1999,http://www.fao.org/docrep/w0073e/w0073e00.htm,197
WHO. 1997. ¿Qué es el Códex Alimentarius?. Organización Mundial de la Salud.,books,1999,http://www.fao.org/docrep/w9114s/w9114s00.htm,198
"FAO. 1994. Food, Nutrition and Agriculture – 12 – Food composition data.",books,1999,http://www.fao.org/docrep/V6000t/V6000t00.htm,199
"Yahia, E.M. and I. Higuera. (Eds). l992. Postharvest Physiology and Technology of Horticultural Crops (In Spanish). Limusa/Grupo Noriega Editores, México. 303p. ISBN 968-18-4147-6",books,1999,http://www.amazon.com/Fisiologia-Tecnologia-Postcosecha-Productos-Horticolas/dp/9681841476,200
"Alais, Charles. 1985. Ciencia de la leche: Principios de Técnica Lechera, 2ª Edición, Editorial Continenta.",books,1991,"http://books.google.com.mx/books?id=bW_ULacGBZMC&printsec=frontcover&dq=Ciencia+de+la+leche:+Principios+de+T%C3%A9cnica+Lechera#PPP1,M1",201
Solimano G. and Taylor L. 1980. Food price policies and nutrition in Latin America. The United Nations University. ISBN: 92-808-0128-7.,books,1991,http://www.unu.edu/unupress/unupbooks/80128e/80128E00.htm,202
Acta Biotecnológica,journals,,https://www.wiley-vch.de/de/shop/journals/104-acta-biotechnologica-2226-de,1
Acta Universitaria,journals,,https://www.actauniversitaria.ugto.mx/index.php/acta,2
ACIAR Postharvest Newsletter,journals,,http://www.aciar.gov.au/node/462,3
Actualidad Científica,journals,,http://www.aertia.com/revista.asp,4
Advances in Enzymology and Related Areas of Molecular Biology,journals,,http://www3.interscience.wiley.com/bookseries/113470100/home,5
Advances in Food Research,journals,,https://www.sciencedirect.com/bookseries/advances-in-food-research,6
Advances in Horticultural Science,journals,,https://oaj.fupress.net/index.php/ahs,7
African Journal of Plant Science,journals,,http://www.academicjournals.org/AJPS/index.htm,8
Caades,journals,,http://www.caades.org.mx/,9
"Agricultura, Sociedad y Desarrollo",journals,,http://www.scielo.org.mx/scielo.php?script=sci_serial&pid=1870-5472,10
Agricultural and Food Science in Finland,journals,,https://journal.fi/afs,11
Agricultural Research,journals,,http://www.ars.usda.gov/is/AR/,12
Agroactualidad,journals,,http://agroactualidad.com.uy/,13
Agrociencia,journals,,https://agrociencia-colpos.org/index.php/agrociencia/index,14
Agronomia y Forestal,journals,,https://agronomia.uc.cl/AyF,15
"Alimentación, Equipos y Tecnología",journals,,https://dialnet.unirioja.es/servlet/revista?codigo=38,16
Alimentaria,journals,,https://revistaalimentaria.es/,17
Alimentos Argentinos,journals,,https://alimentosargentinos.magyp.gob.ar/HomeAlimentos/,18
Alimentos & Bebidas,journals,,https://es-la.facebook.com/revistaalimentosybebidas/,19
Alternative Therapies in Health and Medicine,journals,,http://www.alternative-therapies.com/,20
American Journal of Clinical Nutrition,journals,,http://www.ajcn.org/,21
American Scientist,journals,,http://www.americanscientist.org/,22
Analytical Biochemistry,journals,,https://www.sciencedirect.com/journal/analytical-biochemistry,23
Annals of Applied Biology,journals,,https://onlinelibrary.wiley.com/journal/17447348,24
Annals of Nutrition and Metabolism,journals,,http://www.karger.com/anm/,25
Annual Reviews of Biochemistry,journals,,http://biochem.annualreviews.org/,26
Annual Reviews of Food Science and Technology,journals,,https://www.annualreviews.org/journal/food,27
Annual Review of Information Science and Technology,journals,,https://asistdl.onlinelibrary.wiley.com/journal/15508382,28
Annual Reviews of Pharmacology and Toxicology,journals,,http://pharmtox.annualreviews.org/,29
Annual Reviews of Nutrition,journals,,http://nutr.annualreviews.org/,30
Annual Reviews of Plant Biology,journals,,http://plant.annualreviews.org/,31
Appetite,journals,,http://www.elsevier.com/locate/appet/,32
Aquaculture Nutrition,journals,,https://www.hindawi.com/journals/anu/?utm_source=google&utm_medium=cpc&utm_campaign=HDW_MRKT_GBL_SUB_ADWO_PAI_KEYW_JOUR_ANU_GENPH_WF&gclid=EAIaIQobChMIu5edhtGU-QIV1Rx9Ch1XxQeQEAAYASAAEgKf-vD_BwE,33
Asia Food Journal,journals,,http://www.asiafoodjournal.com/,34
Asia Pacific Journal of Clinical Nutrition,journals,,http://apjcn.nhri.org.tw/,35
ASHS Newsletter,journals,,https://ashs.org/news/,36
Australian Journal of Nutrition & Dietetics,journals,,https://dietitiansaustralia.org.au/working-dietetics/journals-and-research/nutrition-dietetics-journal,37
Better Nutrition,journals,,http://www.betternutrition.com/,38
Beverage World,journals,,http://www.beverageworld.com/,39
Bioactive Carbohydrates and Dietary Fibre,journals,,https://www.journals.elsevier.com/bioactive-carbohydrates-and-dietary-fibre/,40
Biochemistry and Molecular Biology Education,journals,,https://iubmb.onlinelibrary.wiley.com/journal/15393429,41
Biochemistry,journals,,http://pubs.acs.org/journal/bichaw/,42
Biochimica et Biophysica Acta,journals,,https://www.sciencedirect.com/journal/biochimica-et-biophysica-acta-bba-general-subjects,43
Biocontrol Science & Technology,journals,,https://www.tandfonline.com/loi/cbst20,44
Biotechnology and Bioengineering,journals,,https://onlinelibrary.wiley.com/journal/10970290,45
Biotechnology Journal,journals,,https://onlinelibrary.wiley.com/journal/18607314,46
British Food Journal,journals,,https://www.emerald.com/insight/publication/issn/0007-070X,47
British Journal of Nutrition,journals,,http://journals.cambridge.org/action/displayJournal?jid=bjn,48
California Agriculture,journals,,https://calag.ucanr.edu/,49
Canadian Journal of Dietetic Practice and Research,journals,,https://dcjournal.ca/journal/cjdpr,50
Cancer Research,journals,,http://cancerres.aacrjournals.org/,51
Carbohydrate Letters,journals,,http://www.gbhap.com/Carbohydrate_Letters/%22http://www.gbhap.com/Carbohydrate_Letters/,52
Carbohydrate Polymers,journals,,http://www.elsevier.com/locate/carbpol/,53
Cell Biochemistry and Function,journals,,https://onlinelibrary.wiley.com/journal/10990844,54
Cellular Microbiology,journals,,https://onlinelibrary.wiley.com/journal/14625822,55
Cereal Chemistry,journals,,https://onlinelibrary.wiley.com/journal/19433638,56
Cereal Foods World,journals,,https://www.cerealsgrains.org/publications/plexus/cfw/pages/default.aspx,57
ChemBioChem,journals,,https://chemistry-europe.onlinelibrary.wiley.com/journal/14397633,58
Chemical Biology & Drug Design,journals,,https://onlinelibrary.wiley.com/journal/17470285,59
Chemical Engineering & Technology,journals,,https://onlinelibrary.wiley.com/journal/15214125,60
Chemical Research in Toxicology,journals,,http://pubs.acs.org/journal/crtoec/,61
Chemistry & Biodiversity,journals,,https://onlinelibrary.wiley.com/journal/16121880,62
Chemistry & Industry,journals,,https://onlinelibrary.wiley.com/journal/20476329,63
Chronica Horticulturae,journals,,https://www.ishs.org/chronica-horticulturae,64
Ciencia,journals,,http://www.revistaciencia.amc.edu.mx/,65
Ciencia Hoy,journals,,https://cienciahoy.org.ar/,66
Ciencia y Desarrollo,journals,,https://www.cyd.conacyt.gob.mx/,67
Ciencia y Tecnologia Alimentaria,journals,,https://dialnet.unirioja.es/servlet/revista?codigo=6905,68
Clinical Nutrition,journals,,http://www.elsevier.com/locate/clnu/,69
Conciencia Rural,journals,,https://es.calameo.com/accounts/1152956,70
Comparative Biochemistry and Physiology – Part C: Toxicology & Pharmacology,journals,,http://www.elsevier.com/wps/find/journaldescription.cws_home/525466/description#description,71
Comprehensive Reviews in Food Science and Food Safety,journals,,https://onlinelibrary.wiley.com/journal/15414337,72
Complementary Therapies in Medicine,journals,,http://www.elsevier.com/wps/find/journaldescription.cws_home/623020/description#description,73
Critical Reviewa in Food Science and Nutrition,journals,,https://www.tandfonline.com/journals/bfsn20,74
Current Nutrition & Food,journals,,https://benthamscience.com/public/journals/current-nutrition-and-food-science,75
Current Opinion in Clinical Nutrition and Metabolic Care,journals,,http://www.co-clinicalnutrition.com/,76
CYTED,journals,,http://www.cyted.org/,77
"Dairy, Food and Environmental Sanitation",journals,,https://www.foodprotection.org/about/news-releases/international-association-for-food-protection-holds-2013-2014-secretary-election/,78
Dietetica y Salud,journals,,https://www.facebook.com/revistadieteticaysalud/about,79
Ecology of Food and Nutrition,journals,,https://taylorandfrancis.com/search-results/?query=Ecology+of+Food+and+Nutrition&pg=&sort=&tab=,80
El Mercado,journals,,http://www.mercado.com.ar/,81
Environmental Microbiology,journals,,https://sfamjournals.onlinelibrary.wiley.com/journal/14622920,82
Environmental Nutrition,journals,,http://www.environmentalnutrition.com/,83
Enzyme and Microbial Technology,journals,,http://www.elsevier.com/locate/enzmictec/,84
Eurofruit,journals,,http://www.eurofruitmagazine.com/,85
European Food Law Review,journals,,http://www.lexxion.eu/effl/,86
European Food Research and Technology,journals,,https://www.springer.com/journal/217,87
European Journal of Clinical Nutrition,journals,,http://www.nature.com/ejcn/,88
European Journal of Inorganic Chemistry,journals,,https://chemistry-europe.onlinelibrary.wiley.com/journal/10990682c,89
European Journal of Lipid Science and Technology,journals,,https://www.wiley-vch.de/en/shop/journals/134,90
European Journal of Nutrition,journals,,https://www.springer.com/journal/394,91
Expert Opinion on Drug Delivery,journals,,https://www.tandfonline.com/loi/iedd20,92
FDA News,journals,,http://www.fdanews.com/,93
Flavour and Fragrance Journal,journals,,http://www.interscience.wiley.com/journal/ffj,94
Food & Nutrition,journals,,https://foodandnutrition.org/current-issue/,95
F & H hoy,journals,,http://www.fyh.es/,96
"Food & Nutrition Research Briefs, USDA",journals,,http://www.ars.usda.gov/is/np/Fnrb/,97
Food Additives and Contaminants,journals,,https://www.tandfonline.com/journals/tfac20?creative=614897819189&keyword=food%20additives%20and%20contaminants&matchtype=p&network=g&device=c&gclid=CjwKCAjwm8WZBhBUEiwA178UnPS3QhdZzEQLs3KVkN5VIKjiR3uYoNBHuvntgdoPQ0pAJoT-Wzx1ohoCZqYQAvD_BwE,98
Food and Agricultural Immunology,journals,,https://www.tandfonline.com/journals/cfai20,99
Food and Beverage Packaging,journals,,http://www.foodandbeveragepackaging.com/,100
Food and Bioproducts Processing,journals,,https://www.journals.elsevier.com/food-and-bioproducts-processing,101
Food and Function,journals,,http://www.rsc.org/journals-books-databases/about-journals/food-function/,102
Food and Nutrition Sciences,journals,,https://www.scirp.org/journal/fns/,103
Food Biotechnology,journals,,https://www.tandfonline.com/journals/lfbt20,104
Food Chemical News,journals,,"https://discovered.ed.ac.uk/discovery/fulldisplay?docid=alma9923916540902466&context=L&vid=44UOE_INST:44UOE_VU2&lang=en&search_scope=UoE&adaptor=Local%20Search%20Engine&tab=Everything&query=sub,exact,Hebdomadaires",105
Food Chemical Toxicology,journals,,http://www.elsevier.com/locate/inca/237/,106
Food Chemistry,journals,,http://www.elsevier.com/locate/foodchem/,107
Food Control,journals,,http://www.elsevier.com/locate/foodcont/,108
Food Engineering,journals,,http://www.foodengineeringmag.com/,109
Food Ethics,journals,,https://www.springer.com/journal/41055,110
Food Ethics Council,journals,,https://www.foodethicscouncil.org/,111
Food Hydrocolloids,journals,,http://www.elsevier.com/wps/find/journaldescription.cws_home/601058/description#description,112
Food Laboratory Newsletter,journals,,https://sustainablefoodlab.org/,113
Food Microbiology,journals,,http://www.elsevier.com/locate/fm/,114
Food Policy,journals,,http://www.elsevier.com/locate/foodpol/,115
Food Quality and Preference,journals,,http://www.elsevier.com/locate/foodqual/,116
Food Research International,journals,,http://www.elsevier.com/locate/foodres/,117
Food Science and Technology,journals,,http://www.elsevier.com/locate/lwt/,118
Food Service Technology,journals,,https://onlinelibrary.wiley.com/journal/14715740,119
Food Technology,journals,,https://www.ift.org/news-and-publications/food-technology-magazine,120
Food for Today,journals,,http://highered.mcgraw-hill.com/sites/0078616441/,121
Food Science and Technology International,journals,,http://fst.sagepub.com/,122
Journal of Functional Foods,journals,,http://www.elsevier.com/wps/find/journaldescription.cws_home/717426/description#description,123
Fruit Processing,journals,,http://www.fruit-processing.com/,124
Gastronomica: The Journal of Food and Culture,journals,,http://www.gastronomica.org/,125
Global Change Biology,journals,,https://onlinelibrary.wiley.com/journal/13652486,126
Health Information and Libraries Journal,journals,,https://onlinelibrary.wiley.com/journal/14711842,127
Healthy Weight Journal,journals,,http://www.healthyweight.net/journal.htm,128
Horticom,journals,,http://www.horticom.com/revistasonline/revistas/horticultura/,129
HortScience,journals,,http://www.ashs.org/,130
ICARDA,journals,,https://www.icarda.org/publications,131
Industria y Alimentos,journals,,http://www.revistaindustriayalimentos.com/,132
InduAlimentos,journals,,https://www.indualimentos.cl/revista-indualimentos,133
Informaciones Agronómicas,journals,,http://www.ipni.net/publication/ia-lacs.nsf,134
Ingeniería Alimentaria,journals,,http://www.ialimentaria.com/publicaciones/ia/ediciones/default.asp,135
Investigación Clínica,journals,,http://ve.scielo.org/scielo.php?script=sci_serial&pid=0535-5133&lng=es&nrm=is,136
International Clinical Nutrition Review,journals,,http://www.intacad.com.au/,137
International Institute of Refrigeration,journals,,http://www.iifiir.org/en/,138
International Journal for Vitamin and Nutrition Research,journals,,https://www.hogrefe.com/ch/zeitschrift/international-journal-for-vitamin-and-nutrition-research,139
International Journal of Dairy Technology,journals,,https://onlinelibrary.wiley.com/journal/14710307,140
International Journal of Food Engineering,journals,,https://www.degruyter.com/journal/key/ijfe/html,141
International Journal of Fruit Science,journals,,https://www.tandfonline.com/journals/wsfr20,142
International Journal of Food Microbiology,journals,,http://www.elsevier.com/locate/ijfoodmicro/,143
International Journal of Food Properties,journals,,"https://www.tandfonline.com/journals/ljfp20#:~:text=International%20Journal%20of%20Food%20Properties%20is%20a%20fully%20open%20access,Measurement%20methods",144
International Journal of Food Science and Technology,journals,,https://ifst.onlinelibrary.wiley.com/journal/13652621,145
International Journal of Food Sciences and Nutrition,journals,,https://www.tandfonline.com/journals/iijf20,146
International Journal of Obesity,journals,,http://www.nature.com/ijo/,147
International Journal of Pharmaceutics,journals,,https://www.journals.elsevier.com/international-journal-of-pharmaceutics,148
International Journal of Refrigeration,journals,,http://www.elsevier.com/locate/ijrefrig/,149
International Journal of Sport Nutrition and Exercise Metabolism,journals,,https://journals.humankinetics.com/view/journals/ijsnem/ijsnem-overview.xml?tab_body=all-content,150
International Journal of Toxicology,journals,,https://journals.sagepub.com/home/ijt,151
International of Vegetable Science,journals,,"https://www.tandfonline.com/journals/wijv20#:~:text=International%20Journal%20of%20Vegetable%20Science%20features%20innovative%20articles%2C%20review%20articles,%2C%20shipping%2C%20and%20final%20consumption.",152
International Seminars in Pediatric Gastroenterology and Nutrition,journals,,http://www.jpgn.org/pt/re/jpgn/home.htm/,153
International Society for Horticultural Science,journals,,http://www.ishs.org/,154
Internet Symposium on Food Allergens,journals,,http://www.food-allergens.de/,155
Journal of Agricultural and Food Chemistry,journals,,http://pubs.acs.org/journal/jafcau,156
Journal of Agricultural & Food Information,journals,,https://www.tandfonline.com/journals/wafi20,157
Journal of Applied Microbiology,journals,,https://sfamjournals.onlinelibrary.wiley.com/journal/13652672,158
Journal of AOAC International,journals,,https://academic.oup.com/jaoac,159
Journal of Cereal Science,journals,,http://www.sciencedirect.com/science/journal/07335210,160
Journal of Chemical Technology & Biotechnology,journals,,https://onlinelibrary.wiley.com/journal/10974660,161
Journal of Chromatography A,journals,,https://www.journals.elsevier.com/journal-of-chromatography-a,162
Journal of Dairy Science,journals,,http://jds.fass.org/,163
Journal of Food Biochemistry,journals,,https://onlinelibrary.wiley.com/journal/17454514,164
Journal of Food Composition and Analysis,journals,,http://www.elsevier.com/locate/jfca/,165
Journal of Food Engineering,journals,,http://www.elsevier.com/wps/find/journaldescription.cws_home/405862/description#description,166
Journal of Food Process Engineering,journals,,https://onlinelibrary.wiley.com/journal/17454530,167
Journal of Food Protection,journals,,https://www.foodprotection.org/publications/journal-of-food-protection/,168
Journal of Food Quality,journals,,http://www.interscience.wiley.com/jpages/0146-9428/,169
Journal of Food Safety,journals,,https://onlinelibrary.wiley.com/journal/17454565,170
Journal of Food Science,journals,,https://ift.onlinelibrary.wiley.com/journal/17503841,171
Journal of Food Science Education,journals,,https://ift.onlinelibrary.wiley.com/journal/15414329,172
Journal of Human Nutrition and Dietetics,journals,,https://onlinelibrary.wiley.com/journal/1365277X,173
Journal of Hunger & Environmental Nutrition,journals,,https://www.tandfonline.com/toc/when20/current,174
Journal of Integrative Plant Biology,journals,,https://onlinelibrary.wiley.com/journal/17447909,175
Journal of International Food and Agribusiness Marketing,journals,,https://www.tandfonline.com/toc/wifa20/current,176
Journal of Medicinal Chemistry,journals,,http://pubs.acs.org/journal/jmcmar/,177
Journal of Medicinal Food,journals,,https://home.liebertpub.com/publications/journal-of-medicinal-food/38/overview,178
Journal of Microencapsulation,journals,,https://www.tandfonline.com/journals/imnc20,179
Journal of Natural Fibers,journals,,https://www.tandfonline.com/journals/wjnf20,180
Journal of Nutrition,journals,,http://jn.nutrition.org/,181
Journal of Nutrition Education & Behavior,journals,,https://www.jneb.org/,182
Journal of Nutritional & Environmental Medicine,journals,,https://www.tandfonline.com/loi/ijne20,183
Journal of Nutritional Biochemistry,journals,,http://www.sciencedirect.com/science/journal/09552863,184
Journal of Nutritional Science and Vitaminology,journals,,https://www.jstage.jst.go.jp/browse/jnsv,185
Journal of Parenteral and Enteral Nutrition,journals,,http://pen.sagepub.com/,186
Journal of Pediatric Gastroenterology and Nutrition,journals,,http://jpgn.org/,187
Journal of Plant Nutrition and Soil Science,journals,,http://www.wiley-vch.de/publish/en/journals/alphabeticIndex/2045/,188
Journal of Plant Physiology,journals,,http://www.sciencedirect.com/science/journal/01761617,189
Journal of Renal Nutrition,journals,,http://www.jrnjournal.org/,190
Journal of Sustainable Agriculture and Environmente,journals,,https://onlinelibrary.wiley.com/journal/2767035x,191
Journal of the American College of Nutrition,journals,,http://www.jacn.org/,192
Journal of the American Dietetic Association,journals,,https://www.sciencedirect.com/journal/journal-of-the-american-dietetic-association,193
Journal of the American Society for Horticultural Science,journals,,https://journals.ashs.org/,194
Journal of the Science of Food and Agriculture,journals,,http://www.interscience.wiley.com/jpages/0022-5142/,195
Journal of Trace Elements in Medicine and Biology,journals,,http://www.sciencedirect.com/science/journal/0946672X/,196
Journal of Tree Fruit Production,journals,,https://www.tandfonline.com/journals/wztf20,197
Journal of Vegetable Science,journals,,https://www.tandfonline.com/journals/wijv20,198
La Alimentación Latinoamericana,journals,,http://alaccta.org/revista-la-alimentacion-latinoamericana-n335/,199
Dairy Science and Technology,journals,,https://link.springer.com/journal/13594/volumes-and-issues,200
Lebensmittelchemie,journals,,https://www.studycheck.de/studium/lebensmittelchemie,201
Letters in Applied Microbiology,journals,,https://sfamjournals.onlinelibrary.wiley.com/journal/1472765x,202
Macromolecular Bioscience,journals,,https://onlinelibrary.wiley.com/journal/16165195,203
Macromolecular Chemistry and Physics,journals,,https://onlinelibrary.wiley.com/journal/15213935,204
Malaysian Journal of Nutrition,journals,,https://nutriweb.org.my/mjn/,205
Meat Science,journals,,http://www.sciencedirect.com/science/journal/03091740,206
Methods of Biochemical Analysis,journals,,https://onlinelibrary.wiley.com/series/2180,207
Microbial Biotechnology,journals,,https://sfamjournals.onlinelibrary.wiley.com/journal/17517915,208
Molecular Microbiology,journals,,https://onlinelibrary.wiley.com/journal/13652958,209
Molecular Nutrition & Food Research,journals,,http://www.wiley-vch.de/publish/en/journals/alphabeticIndex/2216/,210
Molecules,journals,,http://www.mdpi.com/journal/molecules,211
Mundo Alimentario,journals,,http://www.mundoalimentario.com/,212
Mycotoxin Newsletters,journals,,http://www.aciar.gov.au/node/461,213
Natural Product Reports,journals,,http://www.rsc.org/Publishing/Journals/np/,214
Nature,journals,,http://www.nature.com/,215
Nature Biotechnology,journals,,http://www.nature.com/nbt/index.html,216
Nature Cell Biology,journals,,http://www.nature.com/ncb/index.html,217
Nature Chemistry,journals,,http://www.nature.com/nchem/index.html,218
Nature Structural & Molecular Biology,journals,,http://www.nature.com/nsmb/index.html,219
Nuestro Agro,journals,,https://nuestroagro.com/,220
Nutrients,journals,,http://www.mdpi.com/journal/nutrients,221
Nutrition,journals,,http://www.sciencedirect.com/science/journal/08999007,222
Nutrition & Dietetics,journals,,https://onlinelibrary.wiley.com/journal/17470080,223
Nutrition & Food Science,journals,,https://www.emerald.com/insight/publication/issn/0034-6659,224
Nutrition and Cancer,journals,,https://www.tandfonline.com/journals/hnuc20,225
Nutrition Bulletin,journals,,https://onlinelibrary.wiley.com/journal/14673010,226
Nutrition Business Journal,journals,,http://nutritionbusinessjournal.com/,227
Nutrition in Clinical Care,journals,,https://onlinelibrary.wiley.com/journal/15235408,228
Nutrition in Clinical Practice,journals,,http://ncp.sagepub.com/,229
Nutrition NewsFocus,journals,,http://www.nutritionnewsfocus.com/,230
Nutrition Package,journals,,http://www.elsevier.com/wps/find/journaldescription.cws_home/600132/description#description,231
Nutrition Research,journals,,http://www.elsevier.com/locate/nutres/,232
Nutrition Research Reviews,journals,,http://journals.cambridge.org/action/displayJournal?jid=NRR,233
Nutrition Reviews,journals,,https://academic.oup.com/nutritionreviews,234
Nutrition Today,journals,,http://www.nutritiontodayonline.com/,235
"Nutrition, Metabolism and Cardiovascular Diseases",journals,,http://www.elsevier.com/locate/nmcd/,236
Nutritional Medicine,journals,,http://www.nutritionalmedicine.com/,237
Nutritional Neuroscience,journals,,https://www.tandfonline.com/journals/ynns20,238
Obesity,journals,,https://onlinelibrary.wiley.com/journal/1930739x,239
Obesity Reviews,journals,,http://www.interscience.wiley.com/jpages/1467-7881/,240
Pathology Research and Practice,journals,,http://www.elsevier.com/wps/find/journaldescription.cws_home/701791/description#description,241
Physiologia Plantarum,journals,,http://www.interscience.wiley.com/jpages/0031-9317/,242
Phytochemical Analysis,journals,,http://www.interscience.wiley.com/journal/pca,243
Phytochemistry,journals,,http://www.elsevier.com/wps/find/journaldescription.cws_home/273/description/,244
Phytochemistry Reviews,journals,,https://www.springer.com/journal/11101,245
Phytoma,journals,,http://www.phytoma.com/,246
Phytotherapy Research,journals,,http://www.interscience.wiley.com/journal/ptr,247
Plant Biology,journals,,https://onlinelibrary.wiley.com/journal/14388677,248
Journal of,journals,,http://www3.interscience.wiley.com/journal/118001657/home,249
Plant Breeding,journals,,https://onlinelibrary.wiley.com/journal/14390523,250
Plant Cell & Enviro,journals,,https://onlinelibrary.wiley.com/journal/13653040,251
Plant Physiology,journals,,http://www.plantphysiol.org/,252
Plant Physiology and Biochemistry,journals,,http://www.elsevier.com/locate/plaphy/,253
Plant Science,journals,,http://www.elsevier.com/locate/plantsci/,254
Plant Science Letters,journals,,https://www.sciencedirect.com/journal/plant-science-letters,255
Plant Species Biology,journals,,https://esj-journals.onlinelibrary.wiley.com/journal/14421984,256
Planta,journals,,http://www.springer.com/life+sci/plant+sciences/journal/425,257
Peptide Science,journals,,https://onlinelibrary.wiley.com/journal/24758817,258
Polymer Engineering and Science,journals,,https://onlinelibrary.wiley.com/journal/15482634,259
Polymers for Advanced Technologies,journals,,https://onlinelibrary.wiley.com/journal/10991581,260
Postharvest Biology and Technology,journals,,http://www.elsevier.com/locate/postharvbio/,261
Postharvest Information Network,journals,,http://postharvest.tfrec.wsu.edu/,262
Postharvest News and Information,journals,,https://www.cabi.org/publishing-products/postharvest-news-and-information/,263
Prepared Foods,journals,,http://www.preparedfoods.com/,264
Proceedings of the Nutrition Society,journals,,http://journals.cambridge.org/action/displayJournal?jid=pns,265
Productores Siglo XXI,journals,,http://www.glpublicaciones.com/REVISTA/glpublicaciones.html,266
Protein Science,journals,,https://onlinelibrary.wiley.com/journal/1469896x,267
Public Health,journals,,http://www.sciencedirect.com/science/journal/00333506,268
Public Health Nutrition,journals,,http://journals.cambridge.org/action/displayJournal?jid=phn,269
Public Health Reports,journals,,https://journals.sagepub.com/home/phr,270
Rapid Communication in Mass Spectrometry,journals,,https://onlinelibrary.wiley.com/journal/10970231,271
Reproduction Nutrition Development,journals,,http://rnd.edpsciences.org/,272
Revista Chilena de Pediatría,journals,,https://www.scielo.cl/scielo.php?script=sci_serial&pid=0370-4106&lng=es&nrm=iso,273
Revista Cuabana de Pediatría,journals,,http://scielo.sld.cu/scielo.php?pid=0034-7531&script=sci_serial,274
Revista de Agroecologia,journals,,https://revista.agroecologia.net/index.php/revista-agroecologia,275
Revista Habanera de Ciencias Médicas,journals,,http://scielo.sld.cu/scielo.php?script=sci_serial&pid=1729-519X,276
Revista Facultad Nacional de Agronomia Medellin,journals,,https://revistas.unal.edu.co/index.php/refame,277
Revista Internacional de Cítricos,journals,,https://dialnet.unirioja.es/servlet/revista?codigo=8588,278
Revista Latinoamericana de Nutrición,journals,,http://www.alanrevista.org/,279
Revista de Investigación y Ciencia Sapere,journals,,http://www.uaq.mx/investigacion/sapere/anteriores.html,280
Revista Médica de Chile,journals,,https://www.scielo.cl/scielo.php?script=sci_serial&pid=0034-9887&lng=es&nrm=iso,281
Revista Mexicana de Fitopalogia,journals,,https://rmf.smf.org.mx/,282
Revista Salud Pública y Nutrición,journals,,https://respyn.uanl.mx/index.php/respyn,283
Revista Universidad de Sonora,journals,,http://www.revistauniversidad.uson.mx/,284
Revista Uruguaya de Cardiología,journals,,http://www.scielo.edu.uy/scielo.php?script=sci_serial&pid=1688-0420,285
Scandinavian Journal of Nutrition,journals,,https://www.tandfonline.com/toc/zfnr18/49/2?nav=tocList,286
Science,journals,,https://www.science.org/,287
Science News,journals,,http://www.sciencenews.org/,288
Scientia Horticulturae,journals,,http://www.elsevier.com/wps/find/journaldescription.cws_home/503316/description#description,289
Scientific American,journals,,http://www.sciam.com/,290
Small Fruits Review,journals,,https://www.tandfonline.com/journals/wzsf20,291
South African Journal of Clinical Nutrition,journals,,http://www.sajcn.co.za/index.php/SAJCN,292
Sport Nutrition and Exercise Metabolism,journals,,https://journals.humankinetics.com/view/journals/ijsnem/ijsnem-overview.xml,293
Starch,journals,,https://onlinelibrary.wiley.com/journal/1521379x,294
Standing Committee on Nutrition,journals,,https://www.unscn.org/,295
Synthetic Biology,journals,,http://www3.interscience.wiley.com/journal/116842344/home,296
Systematic and Applied Microbiology,journals,,http://www.elsevier.com/wps/find/journaldescription.cws_home/701801/description#description,297
TecnoAgro,journals,,http://www.tecnoagro.com.mx/portal/index.php,298
TecnoCiencia,journals,,http://tecnociencia.uach.mx/,299
Thai Journal of Agricultural Science,journals,,http://www.thaiagj.org/,300
The Journal of Pediatrics,journals,,http://www.jpeds.com/,301
The Journal of Physical Chemistry B,journals,,https://pubs.acs.org/journal/jpcbfk,302
The Journal of Nutrition,journals,,https://academic.oup.com/jn,303
The Plant Journal,journals,,https://onlinelibrary.wiley.com/journal/1365313x,304
Trends in Biotechnology,journals,,https://www.journals.elsevier.com/trends-in-biotechnology,305
Trends in Food Science and Technology,journals,,http://www.elsevier.com/locate/tifs,306
Trends in Microbiology,journals,,http://www.sciencedirect.com/science/journal/0966842X,307
Tropical Fruit News,journals,,https://www.itfnet.org/Newsfeed/issue_66.html,308
Tropical Science,journals,,https://onlinelibrary.wiley.com/journal/15569179,309
Tufts Health & Nutrition Letter,journals,,http://www.tuftshealthletter.com/Default.aspx,310
Vegetarian Journal,journals,,http://www.vrg.org/journal/,311
Weed Biology and Management,journals,,https://onlinelibrary.wiley.com/journal/14456664,312
The World of Food Science,journals,,https://iufost.org/publications/world-food-science,313
World Food Regulation Review,journals,,"https://researchinformation.co.uk/research-information-specialist-publications/world-food-regulation-review/#:~:text=World%20Food%20Regulation%20Review%20provides,%2C%20FDA%2C%20ASEAN%20and%20WTO.",314
